index,true_label,pred_label,margin,entropy,logit_c0,logit_c1,logit_c2,logit_c3,logit_c4,logit_c5,logit_c6,logit_c7,logit_c8,logit_c9,logit_c10,logit_c11,logit_c12,logit_c13,logit_c14,logit_c15
77,1,1,0.4055609,0.954689,-5.4479327,7.0003138,-3.0962934,-2.4512377,-3.3192582,0.6784009,-0.85432446,-3.6701102,-5.9549775,-4.254159,-2.6504383,6.047126,3.978744,3.4671295,3.1522357,3.4229517
78,1,1,0.21919516,1.1470565,-5.4576807,6.6515303,-3.0596116,-2.585577,-3.2955155,0.6591777,-0.97011364,-3.7091165,-5.6707525,-4.0854735,-2.719119,6.1294737,3.4758832,4.2224894,2.1862195,4.509339
79,1,1,0.4502418,0.9823916,-5.4517345,6.991103,-2.8995097,-2.426056,-3.244432,0.79936016,-0.9119177,-3.840035,-5.7303967,-4.252349,-2.9140973,5.875475,3.4070387,4.0127115,2.0913901,4.423356
116,1,2,0.36897534,1.012708,-5.0417705,7.5316415,8.478755,-3.2401714,2.6206613,7.026786,-4.726813,-3.8451238,-7.9643116,-2.3191242,5.100505,-1.2902315,-5.721614,-4.28657,-5.4135823,-7.139607
233,2,4,0.2278572,0.9573402,-4.909673,0.98699534,6.8766756,5.043946,7.3853436,4.3923073,-3.108254,-0.49043024,-3.8451793,-3.9734268,-2.3184774,-7.474839,-4.7727823,-9.274015,-5.149572,-5.9607916
234,3,4,0.107964516,1.0204297,-4.9267535,0.20594203,5.110267,6.7334013,6.976185,4.0699296,-2.2546515,0.3581212,-3.2432015,-3.9914832,-3.7161975,-7.582906,-4.2392216,-9.22828,-4.546736,-5.021225
584,5,5,0.27324873,0.67523766,-5.009704,0.6140237,-2.383273,1.7218742,-4.358696,8.196926,7.634651,-3.0802698,-2.2556548,-5.5398455,-5.1241555,-2.9392738,-0.5845392,-4.1999745,0.3480081,1.6138725
703,7,3,0.32955012,0.7804406,-4.947277,-4.860847,-4.462737,7.2755556,-0.23983589,-0.98040825,6.5677867,3.8230681,2.4702978,-4.3021836,-7.1276217,-3.994092,0.3217985,-5.9028406,-1.2855139,1.9054229
705,7,7,0.16143662,0.75312567,-5.0139456,-6.3555493,-4.4974966,7.174176,1.8032808,-2.6440263,2.8489337,7.5039434,2.2861097,-2.2265625,-5.5490723,-3.724371,-0.35366845,-5.6385827,-2.7266135,1.3571273
822,8,9,0.42479312,0.84285283,-5.0982475,-12.746647,-4.905133,-2.6332004,-0.55929756,-4.6242337,0.39472663,6.2394,7.2815204,8.291309,0.024091661,2.0149276,0.9688892,-3.264834,-0.51203775,-0.12543938
823,8,8,0.17071983,0.82875854,-5.041937,-13.438537,-4.9519157,-2.5383139,-1.1241724,-5.0474195,0.47840315,5.7106676,8.436687,8.077436,-0.41755635,2.3114173,1.415456,-3.4972205,-0.42695034,0.40072256
940,9,8,0.009177238,0.78216505,-5.0309544,-13.5118685,-5.2044454,-3.5353441,-2.958869,-4.4134507,0.40955544,3.6977973,8.43322,8.414572,0.27008814,4.2761793,0.9096808,-2.6915295,-0.2772255,3.2947361
1171,10,10,0.24326032,0.7310429,-5.3045216,-4.7498226,0.17650075,-7.9012504,-0.3620532,0.29769185,-2.7290072,0.5171573,-1.7726438,9.226334,9.730547,5.9837456,-2.0014496,-0.06556746,-1.0102684,-5.8473654
1177,11,11,0.4738312,0.8980609,-5.4504843,-3.7632895,-5.465111,-4.9849997,-4.6230154,-2.0701928,-2.234071,-1.3947277,-2.2844176,1.951488,-0.529956,8.898208,5.718544,7.7481394,5.8955803,5.49463
1178,11,11,0.37329462,1.1851562,-5.440217,-2.4978635,-5.477749,-4.3526597,-4.578942,-2.3100772,-1.8663893,-1.6794403,-2.7430007,0.36019677,-1.2377174,8.3559065,6.00965,7.344433,6.2084994,6.2990236
1179,11,11,0.33377174,1.2710023,-5.4392147,-2.1008224,-5.4893575,-4.197011,-4.563965,-2.3096197,-1.7215617,-1.7462394,-2.8780084,-0.034579694,-1.4323807,8.1600065,6.0743465,7.2120967,6.232663,6.42892
1180,11,11,0.22208099,1.3511766,-5.4107165,-3.1556711,-5.662092,-4.2908854,-4.7928615,-2.662691,-1.7156644,-1.533418,-2.312427,0.40937382,-1.4072318,8.068451,5.883684,7.38847,6.100566,7.296176
1181,11,11,0.06431365,1.4501238,-5.4082623,-2.614819,-5.6363053,-4.023859,-4.7567706,-2.6684892,-1.5211067,-1.6619326,-2.4860878,-0.22718197,-1.7574611,7.699501,6.0778227,7.186015,6.2876816,7.496498
1182,11,11,0.014005303,1.5984696,-5.4310365,-1.8206984,-5.529916,-3.6043708,-4.6505237,-2.3953085,-1.2824249,-1.8646822,-2.804165,-0.8807972,-2.1439245,7.0176697,6.6149025,6.6475334,6.9566,6.943944
1183,11,11,0.03000392,1.5997617,-5.4224873,-1.6280584,-5.4378357,-3.6815312,-4.814503,-2.4425035,-1.1165345,-2.0760312,-2.8615408,-1.1118464,-2.328642,7.2019744,6.769507,7.0707717,7.054716,6.8569117
1184,11,13,0.020894766,1.5504341,-5.4133983,-1.6048437,-5.4086814,-3.8462164,-4.9069853,-2.45549,-1.022515,-2.146791,-2.8471575,-1.1271001,-2.3425305,7.4464836,6.6268396,7.520251,6.806037,6.966752
1185,11,15,0.003806159,1.5997995,-5.4002347,-2.08503,-5.544683,-3.6669967,-4.9515467,-2.6928601,-0.9611746,-2.0222237,-2.5875692,-1.1108608,-2.5684328,7.046363,6.9697742,7.335012,7.1531034,7.351224
1186,11,13,0.16497938,1.5513073,-5.4021964,-1.1834853,-5.2707,-3.4327903,-4.840703,-2.484191,-0.6370399,-2.2410574,-2.887412,-1.6147232,-3.027338,6.7954774,6.7852335,7.5747747,6.755378,6.9304075
1187,11,13,0.23915182,1.4004018,-5.3957176,-1.7274283,-5.3937097,-3.5368233,-4.9378853,-2.5171251,-0.4477563,-2.1392322,-2.548876,-1.3973594,-3.1325617,6.643479,6.6160173,8.102303,6.570046,7.3760033
1188,11,13,0.34204873,1.2963599,-5.372507,-2.999927,-5.689237,-3.6731434,-5.151495,-2.7371645,-0.18527222,-1.9156559,-1.8521645,-0.84374964,-3.305251,6.4559393,6.9292326,8.603119,6.9784336,7.5881376
1189,11,13,0.16783938,1.4763675,-5.3189125,-4.462444,-6.080435,-3.8923817,-5.5065327,-3.260542,-0.4517197,-1.7072065,-1.2914594,-0.1348986,-3.0883708,6.8152857,7.8442507,8.53086,7.520096,7.9546432
1190,11,12,0.14069672,1.484704,-5.3255434,-4.9437876,-6.080555,-3.674479,-5.58677,-3.170782,-0.5404287,-1.5737174,-0.8969423,0.113009095,-3.0638802,6.549448,8.364825,7.697729,7.87488,7.596548
1191,11,12,0.036746114,1.4663781,-5.277211,-5.643914,-6.1967554,-3.8392987,-5.7053995,-3.4715033,-0.3346749,-1.5700245,-0.45690057,0.28904766,-3.335912,6.560215,8.514559,8.395712,7.759381,7.915534
1192,11,13,0.046753377,1.438938,-5.25451,-5.9682245,-6.3817654,-3.9658885,-5.695367,-3.5570683,-0.19574934,-1.4709377,-0.24813466,0.3481291,-3.3887868,6.541481,8.201494,8.616469,7.512083,8.466503
1193,11,15,0.19161972,1.3274221,-5.258209,-5.846017,-6.429816,-3.872032,-5.6435328,-3.5853,-0.16419268,-1.4122282,-0.29510906,0.1291241,-3.4007158,6.3380375,7.8493986,8.457228,7.429495,8.997578
1194,11,15,0.24569055,1.2333331,-5.3088655,-4.876306,-6.198163,-3.6494427,-5.4578295,-3.2874393,-0.002227962,-1.4928906,-0.7227655,-0.41590974,-3.463685,5.877442,7.1618814,8.335269,7.4426203,8.98429
1195,11,15,0.026324809,1.3659497,-5.315971,-4.2034526,-6.033051,-3.5303607,-5.405634,-3.3498085,-0.11935431,-1.6965699,-1.1920822,-0.67937046,-3.5742502,5.954849,7.5305767,8.47881,7.4904876,8.5527935
1196,11,13,0.2337754,1.3663795,-5.313346,-4.600867,-6.073834,-3.5324936,-5.4279757,-3.240395,0.2506699,-1.6276265,-0.7922671,-0.410203,-3.8304298,5.7387805,7.6342583,8.6989155,7.7536798,7.9484925
1197,11,13,0.09841937,1.4484152,-5.293098,-4.9274416,-6.1971893,-3.7202363,-5.559248,-3.4815335,-0.23679692,-1.6347088,-0.9067209,-0.17407924,-3.460349,6.356585,8.1451235,8.580118,7.654569,8.248214
1198,11,12,0.03434673,1.4907551,-5.308488,-4.804122,-6.1421623,-3.599175,-5.547597,-3.3793464,-0.4871139,-1.6004838,-0.9864468,-0.19322634,-3.2099442,6.408346,8.278643,7.792884,7.811242,8.158976
1199,11,12,0.10827771,1.5052886,-5.33326,-4.5947723,-6.0718927,-3.625596,-5.468692,-3.1154754,-0.61679083,-1.5902882,-1.115279,-0.02739048,-2.9892147,6.5458775,8.204744,7.538969,7.8185387,7.650168
1200,11,13,0.14854987,1.4827851,-5.303597,-5.0695434,-6.231535,-3.9559202,-5.526682,-3.3294096,-0.45466268,-1.5863153,-0.943899,0.19739002,-3.1101477,6.8856187,8.01837,8.538128,7.482714,8.016972
1201,11,15,0.14473054,1.3286405,-5.2636805,-6.2144327,-6.521578,-4.246888,-5.5834417,-3.459329,-0.45742708,-1.2862692,-0.21913376,0.73925865,-2.9060352,7.0526824,7.4811344,8.520449,6.968711,8.90794
1202,11,15,0.2056253,1.4185276,-5.247465,-6.82073,-6.532463,-4.366563,-5.615503,-3.4878204,-0.7209238,-1.1947813,0.13971278,1.1855109,-2.6993933,7.4114714,7.818876,8.096088,6.766414,8.74493
1203,11,15,0.18057662,1.4224887,-5.2341366,-7.5068736,-6.6236553,-4.418083,-5.5997987,-3.4661312,-0.6965023,-1.0148454,0.73537743,1.6907692,-2.6442714,7.5606804,7.959217,7.420957,6.352936,8.525773
1204,11,15,0.38998467,1.1494614,-5.180154,-8.640577,-6.9209228,-4.7491484,-5.632951,-3.4659443,-0.39891112,-0.73922896,1.7500207,2.4221914,-2.5003293,7.850171,7.2250366,6.7789745,5.486635,8.916429
1205,11,15,0.31219634,1.1410199,-5.1559315,-9.517643,-7.164839,-4.6965914,-5.715372,-3.3184817,0.44121245,-0.34634462,2.9938374,2.8523436,-2.631977,7.617566,6.5962687,5.3895903,5.5837126,8.400744
1206,11,15,0.45217794,0.9547597,-5.145343,-9.356522,-7.1211214,-4.757809,-5.585142,-3.5278497,-0.17781037,-0.45235026,2.6047099,2.8404255,-2.4651392,7.888957,6.8262105,5.7527747,4.873432,9.015162
1207,11,15,0.033085793,1.4001102,-5.160206,-9.775618,-7.119581,-4.586889,-5.748292,-3.2928271,0.97230136,-0.18287623,3.5086026,2.7648947,-2.9619284,7.4207826,6.8915915,4.834934,5.985773,7.5164576
1208,11,11,0.1045143,1.3930005,-5.1322618,-10.295364,-7.098222,-4.5830126,-5.7195716,-3.3971994,1.1688328,-0.057069898,4.210806,3.0381825,-3.0066752,7.4545765,6.9174,4.069231,5.671154,7.141613
1209,11,11,0.012470245,1.2752316,-5.1183023,-9.9944935,-7.1394396,-4.6404595,-5.549238,-3.6549425,0.38752568,-0.30393952,3.54931,3.263155,-2.8904014,7.8476562,7.288226,4.959976,4.911746,7.8137717
1210,11,15,0.052948147,1.3012621,-5.155446,-9.229042,-6.957322,-4.690046,-5.541297,-3.5160081,-0.10685608,-0.5380856,2.5310974,2.8554127,-2.7279637,7.9511614,7.6234355,5.8949623,5.0640187,8.102158
1211,11,15,0.13625187,1.3761702,-5.192381,-8.2698145,-6.817686,-4.4995522,-5.626034,-3.5318165,-0.33196774,-0.83726555,1.4736345,2.0314677,-2.850926,7.666181,8.036842,6.963172,5.8899207,8.440569
1212,11,15,0.11546953,1.4982531,-5.217161,-7.5022306,-6.7507305,-4.321145,-5.695831,-3.4234118,0.058072984,-1.0725727,0.9411661,1.3691307,-3.217028,6.973546,7.8807373,7.915239,7.0802126,8.3174515
1213,11,14,0.062271237,1.4773879,-5.327162,-6.0736814,-6.1814165,-3.9370992,-5.552239,-2.6985002,0.68849003,-1.1949084,0.37662685,0.47008938,-3.44924,6.0709968,6.953722,7.6818485,7.887798,7.405761
1214,11,15,0.13766795,1.3614235,-5.324892,-4.462062,-6.111718,-3.803608,-5.3887386,-3.3509715,-0.47861677,-1.6426542,-1.2276646,-0.36104375,-3.1338563,6.5436406,7.437643,8.352952,7.3403015,8.73646
1215,11,15,0.12204453,1.5371815,-5.3667364,-3.3032703,-5.8736076,-3.6729336,-5.2122464,-2.9612954,-0.8925498,-1.7959205,-1.9360385,-0.6380019,-2.6298327,6.743838,7.3512616,7.3081927,7.5242553,7.9758086
1216,11,15,0.014853567,1.5728662,-5.3932867,-2.099018,-5.602364,-3.4981751,-5.010396,-2.6652558,-0.8583633,-1.9931136,-2.5229118,-1.2242444,-2.649681,6.6511426,7.108412,6.975463,7.3922205,7.4492087
1217,11,14,0.13016659,1.4985209,-5.426155,0.033314705,-5.0324955,-3.0070047,-4.67521,-1.9621513,-0.6489548,-2.4025464,-3.4393532,-2.122311,-2.9023013,6.250249,6.8118057,6.21754,7.2377863,5.954811
1218,11,11,0.103941604,1.5777793,-5.4316173,0.8104027,-4.808053,-3.1891766,-4.4847445,-1.7864974,-0.7892315,-2.551237,-3.7782164,-2.3437142,-2.7412388,6.799786,6.251737,6.3824015,6.317121,5.9450207
1219,11,11,0.13950555,1.5826676,-5.438442,1.420336,-4.6562104,-2.999569,-4.266576,-1.5734415,-0.8476081,-2.5760984,-3.9928815,-2.6214643,-2.7284122,6.5616627,5.9806547,5.845273,5.9877043,5.8923864
1220,11,11,0.07822043,1.532837,-5.446393,2.6460667,-4.287323,-2.6605105,-4.063818,-1.0274975,-0.7425825,-2.8278046,-4.469166,-3.0584807,-2.8130538,6.21128,5.83394,4.9431343,5.941573,4.8680973
1221,11,11,0.17104663,1.5656425,-5.4316087,3.1992588,-4.102599,-2.6382947,-4.07977,-0.9500358,-0.6561513,-3.0035985,-4.57854,-3.3208225,-3.0034938,6.221114,5.617632,4.977009,5.4699802,4.986724
1222,11,11,0.17818387,1.5782261,-5.4325833,3.5175638,-3.9937713,-2.5586858,-4.00342,-0.7999753,-0.67156637,-3.0505276,-4.6875463,-3.4465098,-2.9921017,6.1113267,5.484603,4.737744,5.326232,4.8814154
1223,11,11,0.19551848,1.5070815,-5.440345,2.6510284,-4.2008343,-2.9033983,-4.123662,-1.1125603,-0.7409389,-2.8980794,-4.335983,-3.056,-2.925781,6.519369,5.3296056,5.840205,4.889245,5.8092604
1224,11,11,0.25947362,1.4533072,-5.439904,3.2592587,-3.9905853,-2.840746,-4.0386057,-0.89519405,-0.6872736,-3.0755963,-4.52048,-3.191304,-3.0737731,6.5675488,5.1731524,5.739119,4.5388403,5.416727
1225,11,11,0.33851415,1.4236956,-5.4326735,3.5465102,-3.888872,-2.7938004,-4.0380545,-0.8337896,-0.6629468,-3.179903,-4.6270432,-3.2804112,-3.105842,6.612762,5.2600007,5.507656,4.6575823,4.984826
1226,11,11,0.23630328,1.4512998,-5.433919,2.4955208,-4.238179,-3.02203,-4.222454,-1.2258047,-0.7057391,-2.9259357,-4.3198667,-2.9148965,-2.9044032,6.799338,5.552082,6.0512257,5.1549563,5.455042
1227,11,11,0.16180882,1.4909387,-5.4429493,2.7162066,-4.2339606,-2.7965634,-4.203645,-1.0619898,-0.6480526,-2.926927,-4.5006337,-2.9852028,-2.816468,6.482239,5.872884,5.2582483,5.937711,4.599573
1228,11,11,0.35164878,1.421968,-5.4300895,3.38873,-4.0535874,-2.8516228,-4.126274,-0.9148054,-0.62225145,-3.0916233,-4.665908,-3.218521,-2.9357882,6.672386,5.4823093,5.396009,5.096755,4.7724524
1229,11,11,0.35059375,1.2660962,-5.449106,2.3978667,-4.355775,-3.3160722,-4.2356644,-1.1590347,-0.8528989,-2.8562531,-4.386942,-2.7075374,-2.4793966,7.255224,5.402564,6.26657,5.040257,5.320582
1230,11,11,0.3628403,1.2954713,-5.4460983,2.442687,-4.357047,-3.2279704,-4.201844,-1.2075145,-0.8264837,-2.867577,-4.403722,-2.7476902,-2.5883412,7.195622,5.541164,6.124387,5.179907,5.196567
1231,11,11,0.42960125,1.2658318,-5.4453254,2.8510475,-4.25727,-3.0868134,-4.140339,-1.0845453,-0.7678865,-2.9325724,-4.567759,-2.8438783,-2.6849313,7.1426897,5.612745,5.788549,5.2704325,4.6629696
1234,11,11,0.21257293,1.3648196,-5.4455748,1.8483522,-4.495986,-3.2947938,-4.2689314,-1.4204646,-0.84166837,-2.6987216,-4.17985,-2.540306,-2.6060739,7.1625967,5.5199885,6.5589485,5.134511,5.7935963
1235,11,11,0.12931103,1.4123471,-5.4384084,1.8763726,-4.452054,-3.2597353,-4.3166084,-1.3726196,-0.72789884,-2.751756,-4.1261497,-2.637827,-2.7202451,6.9745655,5.4448013,6.598255,5.042982,5.9810863
1236,11,11,0.10221794,1.3516481,-5.441296,2.4909348,-4.2653213,-3.1730094,-4.226664,-1.041192,-0.58728224,-2.920125,-4.2733645,-2.7732625,-2.902347,6.870399,5.11163,6.593946,4.4807844,5.7518797
1237,11,11,0.26047862,1.426147,-5.43785,1.8708481,-4.5603857,-3.1953406,-4.320871,-1.4433334,-0.73827606,-2.7358136,-4.204227,-2.5922477,-2.7062087,7.0676327,5.882656,6.2345614,5.6496077,5.359157
1238,11,14,0.08913964,1.5051867,-5.4533753,0.42739302,-4.9346323,-3.143831,-4.5149164,-1.7058989,-0.78755367,-2.4078186,-3.7332869,-1.9568347,-2.6045384,6.647575,6.5696125,6.178693,6.9649086,5.3086557
1239,11,11,0.060910404,1.558583,-5.426281,0.5339814,-4.889513,-3.250524,-4.55948,-1.9279232,-0.7139381,-2.5209484,-3.688519,-2.1566176,-2.836184,6.9384604,6.4417324,6.710556,6.43247,5.8468122
1240,11,13,0.040418595,1.510204,-5.4199066,0.15792876,-4.9113216,-3.3699574,-4.60499,-2.0573812,-0.6981627,-2.4943583,-3.4885283,-2.0027618,-2.9292574,7.081255,6.3691096,7.211305,6.1663275,6.1757727
1241,11,13,0.1040421,1.5495397,-5.398052,-1.9920261,-5.49769,-3.848531,-5.00688,-2.6224852,-0.9133996,-2.0678768,-2.661821,-1.0486103,-2.474527,7.34472,6.766244,7.7336407,6.866198,7.2531757
1242,11,13,0.028369099,1.5983415,-5.3910265,-2.538593,-5.646413,-3.7716002,-5.1239495,-2.7274153,-0.9134127,-1.988952,-2.3813486,-0.8619249,-2.5283043,7.0634394,7.150645,7.505148,7.3812003,7.3779707
1243,11,13,0.019627243,1.5962391,-5.3813844,-2.949498,-5.7089796,-3.8085625,-5.190934,-2.8043284,-0.9257759,-1.937277,-2.1813972,-0.6486565,-2.5423183,7.093046,7.322949,7.6074185,7.5241203,7.385514
1244,11,13,0.10117568,1.5762295,-5.357664,-3.9633458,-5.9044647,-3.9758883,-5.3641253,-2.9873917,-0.8750837,-1.7820902,-1.6647424,-0.08181751,-2.5922756,7.2160745,7.6125455,8.0271225,7.578352,7.53337
1245,11,15,0.042167336,1.4630796,-5.294504,-5.673031,-6.267918,-4.2557945,-5.525079,-3.395389,-0.82895964,-1.444164,-0.6784642,0.6380499,-2.6425622,7.328042,7.608452,8.409225,7.1812763,8.536449
1246,11,15,0.10731217,1.3113016,-5.2964816,-6.026088,-6.378252,-4.3775344,-5.5180883,-3.2581785,-0.5774489,-1.303696,-0.33730394,0.8291009,-2.6071227,7.2211847,6.966303,8.520221,6.8752246,8.7993145
1247,11,13,0.011123121,1.3782946,-5.314658,-5.317024,-6.2342224,-4.2079225,-5.4750752,-3.286782,-0.63085043,-1.4938622,-0.8306841,0.38962728,-2.763335,7.132703,7.284501,8.628508,7.1221437,8.598275
1248,11,13,0.061226383,1.5414122,-5.320338,-5.054635,-6.103218,-4.026106,-5.4860544,-3.2886817,-0.78836536,-1.6076851,-1.008486,0.2677796,-2.807303,7.0975122,7.867795,8.278076,7.5851126,8.054592
1249,11,13,0.02252525,1.4550006,-5.2887383,-5.6344786,-6.2602105,-4.135273,-5.566103,-3.3843975,-0.58781576,-1.5091746,-0.614787,0.42503685,-2.9315538,6.992456,7.7680573,8.543125,7.3858232,8.475043
1250,11,15,0.07658547,1.4386916,-5.2639446,-6.258258,-6.3773727,-4.264104,-5.6671753,-3.3768587,-0.51039416,-1.4087703,-0.17368402,0.7209497,-2.8755083,7.0315175,7.7181044,8.397702,7.2567854,8.625345
1251,11,13,0.006282687,1.5264529,-5.324644,-4.8312116,-6.0027485,-3.8841197,-5.552136,-3.1783867,-0.6228917,-1.6848705,-1.0583562,0.15595037,-2.9541938,6.8900833,8.140764,8.162847,7.803671,7.507225
1252,11,13,0.110664815,1.4418879,-5.360635,-2.4357467,-5.4111576,-3.4534516,-5.2353926,-2.7809963,-0.40649924,-2.1868296,-2.2226517,-1.0149739,-3.3109076,6.5362415,7.670655,8.086193,7.721769,6.438128
1253,11,13,0.12921378,1.3978599,-5.360845,-1.9077854,-5.193747,-3.2867794,-5.2052507,-2.677537,-0.24296299,-2.34662,-2.3518932,-1.311088,-3.5701032,6.2411146,7.579285,8.06055,7.6520877,6.1625338
1254,11,13,0.15170348,1.3493235,-5.3444796,-2.2128475,-5.2218075,-3.172462,-5.2543883,-2.8073936,-0.021570802,-2.2989154,-2.0708685,-1.3018107,-3.8767872,5.819105,7.7247767,8.229011,7.760108,6.3147297
1255,11,13,0.35583675,1.2896807,-5.3792086,-1.1560605,-4.970603,-3.272079,-5.044509,-2.2589653,-0.0065889955,-2.4798338,-2.575752,-1.5561973,-3.6984808,6.19223,7.0082946,8.177692,7.071987,5.8827515
1256,11,13,0.06607476,1.390786,-5.375185,0.16118437,-4.523514,-2.9704745,-5.0167065,-1.9971341,0.09315553,-2.8126442,-3.107607,-2.0118842,-3.8801901,5.99382,7.0998735,7.328672,7.112512,4.7507477
1257,11,14,0.058363855,1.2166084,-5.3659067,0.23127505,-4.3945007,-2.555701,-5.1215386,-2.0839481,0.2791518,-2.7981477,-3.0590527,-2.136482,-4.191786,5.2968035,7.5134015,6.5870223,7.660318,4.4488726
1258,11,14,0.005832821,1.4284806,-5.3869696,1.3338851,-3.8600261,-2.4124165,-4.6048365,-1.3093121,0.59752214,-3.007218,-3.105843,-2.5735903,-4.537075,5.0044184,6.293659,6.3678017,6.3871775,4.3997993
1259,11,13,0.25124186,1.463212,-5.4006996,1.591996,-4.086814,-2.7168267,-4.4993744,-1.2980525,0.083575666,-2.9886477,-3.523927,-2.6317253,-3.9540458,5.847807,5.9388084,6.811151,5.7250724,5.0524993
1260,11,11,0.0006444603,1.5780085,-5.403528,1.5415895,-4.3432345,-2.8846529,-4.605965,-1.6077676,-0.37780398,-2.8790083,-3.8690023,-2.7342227,-3.3709707,6.390552,6.2301397,6.387975,6.108367,5.423275
1261,11,13,0.0024704784,1.7441047,-5.4241486,4.1441946,-3.2563198,-2.1245325,-3.897028,0.026343852,0.16164249,-3.4971902,-4.296119,-3.6537442,-4.1648397,5.061495,4.5828705,5.0716906,4.0755095,4.746674
1262,11,11,0.1478717,1.6681498,-5.4098015,4.058065,-3.6360211,-2.3705332,-4.0515537,-0.68534267,-0.370296,-3.328519,-4.668904,-3.690467,-3.6323023,5.813628,5.241828,5.0071473,4.590822,5.042819
1263,11,14,0.083302796,1.4731913,-5.4495544,2.404378,-4.249492,-2.694953,-4.287075,-0.9591671,-0.637462,-2.8704383,-4.400442,-2.912725,-2.770319,6.1342382,5.981636,5.0615034,6.4055767,4.540409
1264,11,11,0.11832103,1.5178163,-5.45287,2.5363293,-4.33113,-2.8233447,-4.1651306,-0.9812199,-0.7384605,-2.8252559,-4.469025,-2.9389915,-2.6486707,6.379304,5.7571077,5.177455,5.98515,4.8564415
1265,11,11,0.20783682,1.5153865,-5.4438696,2.936137,-4.1950235,-2.734479,-4.0822706,-0.99252987,-0.71468496,-2.926476,-4.553956,-3.1256413,-2.8411777,6.4043627,5.684506,5.1004076,5.645365,4.842228
1266,11,14,0.031849682,1.4632359,-5.442566,2.7774386,-4.149018,-2.5774162,-4.1956615,-0.89959645,-0.52584094,-2.9420526,-4.529827,-2.9918218,-2.9318604,6.116827,6.0192013,4.8871,6.2221956,4.1517143
1267,11,11,0.10488886,1.526046,-5.438616,2.1601088,-4.4183965,-2.825217,-4.2544045,-1.3055985,-0.6513289,-2.8058543,-4.2750177,-2.8354566,-2.9022932,6.4784436,6.0672684,5.491205,6.106117,4.9834204
1268,11,11,0.022965938,1.5639464,-5.4380083,0.7156212,-4.823103,-3.1427927,-4.493662,-1.7735754,-0.7904124,-2.5257716,-3.7746682,-2.2530773,-2.7057586,6.721284,6.3863807,6.261294,6.6343985,5.6896544
1269,11,13,0.08000004,1.556041,-5.415493,-0.65563333,-5.138733,-3.5468001,-4.814409,-2.2582169,-0.77533925,-2.3489256,-3.1954052,-1.707156,-2.6914496,7.0792375,6.564288,7.368688,6.668761,6.565624
1270,11,13,0.33340484,1.3241482,-5.421098,-0.82564723,-5.100236,-3.6259456,-4.8090696,-2.0474896,-0.4994048,-2.3049634,-2.9611433,-1.6008935,-2.8751173,6.9236684,6.015705,8.010752,5.990723,6.956048
1271,11,13,0.3855577,1.327686,-5.42259,-1.0567065,-4.939615,-3.332203,-4.7399607,-1.7825577,-0.013318241,-2.3125715,-2.5459366,-1.6062412,-3.3749976,6.241516,5.9856777,7.8163223,6.2810087,6.5472093
1272,11,13,0.45977625,1.2631007,-5.3851786,-2.484907,-5.450215,-3.6616864,-5.092258,-2.540788,-0.20883483,-2.0964231,-2.0909278,-0.97386867,-3.286336,6.5883794,6.866429,8.562153,6.9744635,6.9690657
1273,11,13,0.4168077,1.3284185,-5.364518,-3.254684,-5.6982093,-4.0245695,-5.3084307,-2.8135276,-0.54710853,-1.989861,-1.9414705,-0.48035172,-2.8506417,7.202958,7.161236,8.738195,7.13542,7.260511
1274,11,13,0.2643872,1.4587827,-5.3544946,-3.3329365,-5.6677103,-3.8464746,-5.324485,-2.9657354,-0.56926715,-1.9922416,-1.8921653,-0.562289,-2.9715557,6.9853034,7.5018325,8.440882,7.4776793,7.2274113
1275,11,14,0.10001913,1.4706779,-5.3947783,-2.349206,-5.4642544,-3.444476,-5.157097,-2.6212068,-0.71646464,-2.0673418,-2.3726695,-0.9318227,-2.8203475,6.5874953,7.60518,7.2382374,7.923994,6.4774857
1276,11,14,0.057680696,1.5694413,-5.4072514,-1.2643093,-5.2040234,-3.3988574,-4.914989,-2.4625673,-0.80892146,-2.2979188,-2.8900084,-1.5672181,-2.816852,6.758401,7.040213,7.179654,7.4020467,6.566845
1277,11,11,0.028569043,1.5129296,-5.4365463,0.81422573,-4.7149253,-3.2896328,-4.443203,-1.7415519,-0.8040172,-2.5708642,-3.7024548,-2.3360672,-2.7680907,6.892798,5.84325,6.7975445,5.675653,6.4175215
1278,11,11,0.3550972,1.3959613,-5.451704,2.900023,-4.2594023,-3.000318,-3.9718187,-0.97894645,-0.9209087,-2.8846757,-4.510472,-3.003356,-2.630497,6.7725983,5.2498426,5.58323,4.834964,5.4643326
1279,11,11,0.35400409,1.4335642,-5.4541683,2.8663955,-4.2883797,-2.908063,-3.8285832,-0.9216579,-1.0285264,-2.7848973,-4.549749,-2.9904654,-2.4621415,6.5823927,5.249653,5.096178,5.0303516,5.3336725
1280,11,11,0.2586788,1.4636636,-5.4685063,2.6863024,-4.2983785,-2.836592,-3.7777147,-0.74244547,-1.0520204,-2.705033,-4.6073265,-2.8272011,-2.2640767,6.385599,5.3538904,4.7304325,5.5366793,4.8234005
1281,11,11,0.31596428,1.3993163,-5.4758906,2.4680834,-4.353783,-2.9710202,-3.7852395,-0.79451746,-1.1412156,-2.650436,-4.5793858,-2.6157794,-2.106619,6.5961123,5.3605127,4.911791,5.584984,4.736834
1283,11,11,0.4665074,1.3572288,-5.4763675,4.482668,-3.815003,-2.6717377,-3.3417659,0.11317837,-1.06481,-2.9446442,-5.338687,-3.307396,-2.0983305,6.247533,4.594742,3.9463978,4.4889965,3.8871799
1285,11,11,0.35937065,1.3843305,-5.4642763,4.76886,-3.7230783,-2.6883926,-3.2942822,-0.041116327,-1.1242652,-3.00913,-5.1962314,-3.5069485,-2.318332,6.1984386,4.051282,4.235408,3.2935371,5.073383
1286,11,11,0.010871023,1.4235346,-5.450509,5.755319,-3.424544,-2.4438803,-3.200529,0.3223937,-1.0039921,-3.2980778,-5.421978,-3.9678597,-2.6353898,5.786371,3.723134,3.8907418,2.668255,5.1233816
1287,11,1,0.4299689,1.0383346,-5.456962,6.666133,-3.2378478,-2.2567973,-3.06536,0.74719286,-0.9552196,-3.4504693,-5.8851185,-4.227028,-2.6297295,5.5965376,3.897204,3.1282167,3.1298294,3.8531127
1289,12,11,0.13932718,1.5858186,-5.4342546,5.0874977,-3.7023962,-2.4360995,-3.5485692,-0.21156329,-0.7371226,-3.2612762,-5.146645,-3.9311876,-3.0470262,5.81274,4.486247,4.293851,3.567163,5.3402786
1290,12,14,0.009871155,1.5480855,-5.447068,2.9601834,-4.2677298,-2.4713933,-3.9259543,-0.7581969,-0.657894,-2.7797823,-4.631168,-3.1539192,-2.8023915,5.836794,5.688679,4.5122113,5.8712335,4.7169104
1291,12,14,0.0371373,1.5390682,-5.4247866,2.71023,-4.3241,-2.3390868,-4.1219797,-1.023629,-0.4816435,-2.7988749,-4.4095044,-3.2789335,-3.1760635,5.581964,5.9788175,4.629551,6.101535,5.0922213
1292,12,14,0.07443777,1.5231403,-5.4179316,1.5419484,-4.6751146,-2.5454443,-4.365056,-1.51257,-0.5259986,-2.5986319,-3.9420645,-2.9268575,-3.1652212,5.706135,6.3329744,5.2486906,6.5794773,5.8106804
1293,12,15,0.15665708,1.488755,-5.3850555,-0.908302,-5.3285294,-3.0796385,-4.8311825,-2.485417,-0.61486804,-2.1894176,-2.9129663,-2.0843232,-3.072532,6.00434,6.7545614,6.6170087,7.0397344,7.5698295
1297,12,15,0.34132206,1.2461137,-5.211396,-7.076804,-6.5938234,-4.0622225,-5.694478,-3.7472677,-0.4706546,-1.1856298,0.47831997,0.82870114,-3.1345115,6.842614,8.212945,7.7191315,6.970903,9.181681
1298,12,15,0.34388545,1.2217014,-5.1787777,-8.056022,-6.797876,-4.334574,-5.7204785,-3.6759439,-0.3121261,-0.9603025,1.2957827,1.5437965,-2.9977255,7.2854514,8.065165,7.1423187,6.266777,9.014971
1299,12,15,0.20902327,1.3350931,-5.163505,-8.491225,-6.9561615,-4.378121,-5.7387238,-3.639542,0.08625367,-0.8603581,1.7949984,1.8314412,-3.2385693,7.2103734,8.042118,6.9841805,6.380381,8.622449
1300,12,12,0.042647004,1.522547,-5.187528,-8.525138,-6.958165,-4.3637657,-5.8289375,-3.3256261,0.6781072,-0.7610879,2.1201792,1.892678,-3.3748245,6.9189887,7.848239,6.6249275,7.133794,7.708642
1301,12,12,0.17537326,1.4157765,-5.183791,-8.977677,-6.900359,-4.2319813,-5.907364,-3.363929,1.1717728,-0.5803368,2.7906172,1.8778175,-3.6580474,6.5640726,7.9915986,5.723361,7.449377,7.1990957
1302,12,12,0.2992674,1.2749665,-5.175326,-9.257252,-6.846451,-4.291194,-5.8669176,-3.4465036,1.3065568,-0.52988094,3.157856,2.2493227,-3.717123,6.7036476,8.261236,5.3309927,7.429549,6.5347
1303,12,12,0.37671018,1.1636083,-5.1821856,-8.98781,-6.733815,-4.448334,-5.829092,-3.3575373,1.1040461,-0.73711747,2.9215393,2.7780511,-3.5758314,6.9699316,8.521244,5.69606,7.5000396,5.6985717
1307,12,12,0.18107957,0.92873204,-5.1818943,-9.512273,-6.180681,-4.137177,-6.0046034,-3.3710942,2.035184,-0.52755684,4.313385,2.5067172,-4.021166,5.9987507,8.622424,3.5912619,8.231929,4.2277484
1308,12,14,0.007371217,0.8411718,-5.1962614,-9.0274935,-5.9847374,-3.90131,-6.0921474,-3.325541,2.1851056,-0.666508,4.043229,2.0516763,-4.2977242,5.439871,8.796631,3.7358212,8.811814,3.9453993
1309,12,14,0.08782655,0.82870793,-5.198428,-8.979025,-5.7162557,-3.6316466,-5.968915,-3.183053,2.4298751,-0.5878497,4.331166,1.7417176,-4.542926,4.851926,8.5293255,3.3532066,8.710138,3.814937
1310,12,14,0.037929147,0.82066983,-5.1961756,-8.865659,-5.9976153,-3.7011466,-6.0926642,-3.3511505,2.273931,-0.66280055,3.8829834,1.5853529,-4.550224,5.072054,8.857304,3.929698,8.935025,4.348822
1311,12,12,0.2707154,0.8850966,-5.189823,-8.731142,-6.5132303,-3.97385,-6.0316834,-3.5032253,1.4491477,-0.8598547,3.0275776,2.1410835,-4.116933,5.938483,9.151248,5.283143,8.563869,5.2580233
1312,12,12,0.17942047,0.9085572,-5.1991577,-8.620265,-6.446772,-4.001746,-6.0503945,-3.427473,1.4132078,-0.9185225,2.8815007,2.0872695,-4.0872383,5.950602,9.100612,5.4535913,8.71729,5.224058
1313,12,12,0.06773928,1.0226382,-5.2042503,-8.345612,-6.5207067,-3.958424,-6.0225472,-3.4220982,1.3483331,-0.9308922,2.4434009,1.5691063,-4.1187663,5.8384786,8.873394,6.0919886,8.725057,6.0614977
1314,12,12,0.38504303,1.2639649,-5.191473,-7.8180466,-6.671709,-3.9960208,-5.8593016,-3.6365871,0.49236816,-1.1278834,1.504518,1.3066232,-3.8626547,6.2610235,8.968765,7.356823,7.7787476,7.5219727
1315,12,12,0.15880519,1.3423691,-5.2547283,-6.9507446,-6.448145,-3.8804035,-5.633594,-3.5003276,-0.5497705,-1.1563832,0.53261334,0.97291255,-3.0759146,6.745753,8.671914,7.082692,7.080744,8.241039
1316,12,15,0.19330491,1.4282484,-5.253704,-6.5572376,-6.4725065,-4.13781,-5.6389756,-3.522778,-0.65748143,-1.2726643,0.031165913,0.84993124,-2.9185162,7.0595655,8.117542,7.979154,7.128251,8.73839
1317,12,15,0.2700976,1.3769217,-5.2333703,-6.930278,-6.5297017,-4.266888,-5.6719356,-3.5467052,-0.60067564,-1.2212071,0.29536396,1.0351944,-2.8779778,7.1511183,7.946158,8.024505,6.9321756,8.883804
1318,12,15,0.26666528,1.3690202,-5.2783303,-5.9714546,-6.331638,-3.8846533,-5.5686154,-3.5418568,-0.8133278,-1.3582367,-0.32979786,0.45341438,-2.88418,6.760878,8.062365,7.6473937,7.4361696,8.878222
1321,12,15,0.4017431,1.1782875,-5.3471117,-3.6737304,-5.934499,-3.7471688,-5.3068943,-3.1808312,-0.66541415,-1.7036114,-1.6375675,-0.756652,-2.8295712,6.5040183,6.831607,7.8725224,7.1053915,8.992009
1322,12,13,0.123153865,1.3556601,-5.4219995,-1.5990019,-5.234925,-3.3251748,-4.784911,-2.0955057,-0.13414276,-2.118349,-2.3618193,-1.5501373,-3.3191347,6.106841,6.0212774,7.7940674,6.346144,7.459901
1323,12,14,0.10822731,1.550326,-5.412551,-1.0985951,-5.3742533,-3.2426748,-4.775491,-2.3143876,-0.8610346,-2.14095,-2.9645643,-1.6213822,-2.683085,6.4275293,6.9549565,6.4690084,7.354723,6.7843494
1324,12,14,0.07431692,1.5673296,-5.4202247,0.235419,-5.030113,-2.995257,-4.5719647,-1.9796915,-0.68249476,-2.4017062,-3.5158827,-2.2476573,-2.92196,6.316532,6.657733,6.178955,6.9333916,6.1798844
1325,12,14,0.062283188,1.5599208,-5.4362106,1.0727715,-4.831996,-2.934123,-4.419657,-1.6047575,-0.6877018,-2.529487,-3.8889465,-2.4539242,-2.834211,6.37873,6.3600597,5.8210697,6.61638,5.6409483
1326,12,11,0.07422428,1.6113307,-5.4214983,2.203802,-4.490863,-2.7497852,-4.2423263,-1.3492796,-0.57589704,-2.7669272,-4.2160225,-3.0630867,-3.0755248,6.1983843,5.893446,5.4847255,5.757218,5.7677784
1327,12,11,0.11582467,1.5878482,-5.431915,2.5362716,-4.395665,-2.77465,-4.1125307,-1.1640961,-0.7001429,-2.784995,-4.333021,-3.1427445,-2.9058964,6.237024,5.5703087,5.343525,5.3565326,5.8074865
1328,12,11,0.15272923,1.5535626,-5.454208,2.8290038,-4.300897,-2.6822622,-3.9152977,-0.7727778,-0.8302739,-2.7570832,-4.576083,-3.0771832,-2.5582018,6.1261606,5.446596,4.7115865,5.5922384,5.026334
1329,12,11,0.11194414,1.5703042,-5.4332943,2.5986428,-4.3700275,-2.7697463,-4.051177,-1.1269475,-0.7540237,-2.785524,-4.3436184,-3.1503754,-2.877859,6.2525144,5.4732685,5.2962427,5.2031193,5.860525
1330,12,15,0.11902426,1.5770017,-5.4104033,0.32377023,-4.976165,-3.0055158,-4.5335536,-2.0103328,-0.71525216,-2.3880084,-3.476939,-2.449157,-2.943036,6.220779,6.2697678,6.2126865,6.4090834,6.8860598
1331,12,15,0.04981795,1.4528966,-5.3848467,-1.220737,-5.395971,-3.01131,-4.8168354,-2.5124297,-0.7224036,-2.1114209,-2.7628176,-1.9537975,-2.967162,5.8751698,6.9141603,6.271979,7.380871,7.535058
1332,12,15,0.12635419,1.3653026,-5.368741,-2.2922585,-5.66452,-3.0997283,-5.013307,-2.8552046,-0.7507851,-1.9160166,-2.2572892,-1.5406287,-2.9608636,5.8085265,7.2166076,6.445198,7.727366,8.090251
1333,12,14,0.046414465,1.3511717,-5.3481035,-3.235027,-5.791708,-3.0292122,-5.3045173,-3.1000657,-0.6423181,-1.8637904,-1.6919483,-1.2290635,-3.1979144,5.5637455,8.024916,6.568245,8.215358,8.067944
1334,12,15,0.1418162,1.3700092,-5.291622,-4.601316,-5.9719114,-3.1631436,-5.586525,-3.6459436,-0.2568239,-1.7681961,-0.86137336,-0.9421606,-3.7530975,5.380306,8.304842,7.657876,8.226084,8.761456
1335,12,15,0.13721909,1.3827642,-5.257544,-5.811503,-6.2196474,-3.2785106,-5.6998367,-3.6148756,0.23414242,-1.5046678,0.08791765,-0.45048895,-4.0515246,5.0892377,8.196817,7.950319,8.3054,8.762053
1336,12,12,0.18242174,1.2511433,-5.23218,-6.435274,-6.343381,-3.455453,-5.832658,-3.7283232,-0.21576518,-1.4059212,0.3391209,0.10191542,-3.646766,5.8646317,9.071356,7.2514267,7.7354956,8.592625
1337,12,12,0.42850822,1.1472123,-5.2139335,-6.851028,-6.376321,-3.4566085,-5.913971,-3.8865874,0.31067088,-1.402852,0.8104391,0.3695761,-4.2217283,5.456346,9.454183,7.7470093,8.193684,7.7849064
1338,12,14,0.38707426,0.7264459,-5.2540035,-6.7142015,-5.6908855,-3.0095863,-6.0758686,-3.234829,2.188206,-1.145035,2.0198364,0.0061713457,-5.186505,3.9800346,8.827723,5.4562483,9.664289,5.2182684
1339,12,14,0.14448541,0.89340365,-5.219795,-7.4191904,-6.2811193,-3.3345063,-6.0543633,-3.6239808,1.5489073,-1.1284554,1.9060587,0.60013044,-4.7053337,4.6795235,9.182333,6.3672905,9.4886465,6.1824064
1340,12,14,0.33174124,0.8932054,-5.246215,-7.1274457,-6.1538086,-3.5639365,-6.005843,-3.2749424,1.6094315,-1.1388471,1.7049984,0.62351835,-4.4844046,4.9838796,8.640955,6.5244646,9.382702,5.9305973
1341,12,14,0.3764645,1.0377448,-5.272286,-6.752501,-6.126692,-3.7456756,-5.9206243,-2.9527423,1.4856756,-1.1524246,1.3216369,0.5685792,-4.197402,5.324667,8.042159,6.9168816,8.973324,6.161948
1342,12,12,0.021800667,1.3087969,-5.254593,-6.4397273,-6.2585173,-3.755166,-5.83868,-3.442845,0.597802,-1.4688748,0.5633351,0.55707,-4.0241027,5.6440563,8.736185,8.221825,8.674273,6.9621572
1343,12,13,0.009561479,1.4131364,-5.263322,-5.93176,-6.23009,-3.9091532,-5.781376,-3.450543,-0.13022965,-1.5850034,-0.17199557,0.4348663,-3.508596,6.4290404,8.609748,8.638049,7.8826485,7.6331253
1344,12,13,0.073974565,1.5426574,-5.329788,-4.439174,-6.017377,-3.8734922,-5.507639,-3.1703913,-0.638119,-1.7142866,-1.3231791,-0.07619685,-2.9013224,6.874963,7.891964,8.1773205,7.723831,7.8153706
1345,12,13,0.104895204,1.5779928,-5.365568,-3.4627218,-5.855265,-3.8915756,-5.288705,-2.933625,-0.8291492,-1.8361623,-1.924519,-0.3624852,-2.634142,7.157935,7.4885697,7.942685,7.479597,7.506851
1346,12,13,0.03280863,1.5407743,-5.381432,-2.8214216,-5.724542,-3.8753078,-5.110104,-2.8802848,-0.8782234,-1.8960276,-2.2459059,-0.7484875,-2.5752866,7.2076464,7.004172,7.8807344,7.037206,7.767967
1347,12,13,0.017033428,1.5864702,-5.416958,-1.2013294,-5.388126,-3.6052475,-4.784498,-2.4283972,-0.9472136,-2.124073,-3.0013914,-1.4285722,-2.5328693,7.137542,6.627376,7.2069387,6.706678,7.027294
1348,12,11,0.020596579,1.5995818,-5.432501,-1.2622609,-5.442099,-3.5597186,-4.72139,-2.3083336,-1.052641,-2.0379615,-3.054482,-1.2066156,-2.3675296,7.0718703,6.7857,6.857501,6.983573,6.6072264
1349,12,14,0.019723445,1.5648915,-5.44903,-1.2350532,-5.370158,-3.5820146,-4.676736,-2.1055224,-1.1256413,-2.018168,-3.1122503,-1.0095357,-2.1765232,7.0452394,6.7488627,6.7245913,7.1204157,6.153468
1350,12,11,0.06055844,1.5197179,-5.4273524,-1.3351097,-5.3532205,-3.8620572,-4.842476,-2.2987242,-1.1150231,-2.1448932,-3.044365,-1.0719362,-2.175684,7.5774775,6.5822678,7.3770585,6.79224,6.539644
1351,12,13,0.11492869,1.4688894,-5.4116383,-1.2077165,-5.328267,-3.8018887,-4.9329596,-2.3437,-0.7975261,-2.248143,-3.0186892,-1.261258,-2.5611603,7.471917,6.693441,7.827313,6.690724,6.4739394
1352,12,13,0.04236257,1.4974697,-5.423137,-0.5955139,-5.159829,-3.6114142,-4.8263206,-2.1665285,-0.7635788,-2.369572,-3.2743835,-1.5219808,-2.6455278,7.3321447,6.7071047,7.4707975,6.780792,5.944204
1353,12,13,0.32806602,1.246162,-5.4215794,-1.0184805,-5.147422,-3.8211923,-4.8226643,-2.095558,-0.6223609,-2.286964,-2.9544368,-1.3230736,-2.6956341,7.3559685,6.128499,8.263774,6.0601306,6.5822515
1354,12,13,0.38968444,1.3206335,-5.3858085,-1.9020004,-5.375004,-3.7937226,-5.0732746,-2.5320537,-0.54247344,-2.2202,-2.5861692,-1.0512209,-2.9418597,7.173149,6.9093037,8.452833,6.837061,6.630612
1356,12,13,0.15153173,1.3402994,-5.404001,-1.169423,-4.6380005,-3.0820155,-4.8693085,-1.5808342,0.729898,-2.4231453,-2.088678,-1.4658937,-4.077694,5.5628967,6.3618445,7.42711,7.0068207,5.184041
1357,12,13,0.1444769,1.403311,-5.364947,-1.8755616,-5.2284565,-3.4194474,-5.221891,-2.637927,-0.30664206,-2.3469062,-2.4524617,-1.1669589,-3.371468,6.526718,7.5627584,8.086712,7.6260777,5.9762335
1358,12,14,0.009290963,1.339874,-5.3403487,-3.4064026,-5.500508,-3.4387586,-5.545633,-2.9843035,-0.21804506,-2.0919876,-1.6199465,-0.52869153,-3.4802923,6.1474247,8.284096,8.170877,8.313113,6.228516
1359,12,14,0.062355757,1.282426,-5.336063,-2.5152574,-5.1134796,-2.9684536,-5.3406343,-2.8770506,0.40452784,-2.2910275,-1.6440074,-1.2683618,-4.329825,5.085156,7.915169,8.066073,8.250628,6.0735774
1360,12,14,0.062244058,1.29919,-5.3389354,-1.8940585,-5.033116,-2.9000273,-5.3610396,-2.8402474,0.00356856,-2.4222472,-2.1738193,-1.5280275,-4.0063834,5.4343815,7.998353,7.6061583,8.173985,6.0284023
1361,12,14,0.17627823,1.2956462,-5.3808937,-1.3536409,-5.028281,-2.9908004,-5.2288647,-2.4933202,-0.32617998,-2.434951,-2.627077,-1.6555963,-3.4296615,5.8822174,7.6505013,6.966556,8.126451,5.8921432
1362,12,13,0.08742261,1.5424637,-5.3919153,-0.16211501,-4.721493,-3.0709934,-4.889,-2.0974317,-0.35100973,-2.6548693,-3.1262302,-2.1783314,-3.4377546,6.2482634,6.7144337,7.165177,6.8471675,6.115057
1363,12,13,0.020003885,1.4360822,-5.3953676,-0.35748667,-4.2965317,-2.6578536,-4.7325506,-1.4283748,0.57238406,-2.6404002,-2.4117246,-2.1310768,-4.2449055,5.082,6.1792946,6.833599,6.773784,5.501483
1364,12,12,0.009745151,1.460085,-5.365925,0.3411287,-4.460482,-2.6476803,-4.8920994,-2.0957794,-0.087118864,-2.79981,-3.1719575,-2.4531934,-3.976023,5.6543326,7.011522,6.7439747,6.9796658,5.5138006
1365,12,14,0.12796554,1.3825227,-5.40075,0.4762634,-4.5537095,-2.7286592,-4.868267,-1.9379268,-0.34332427,-2.7353015,-3.4290185,-2.4706755,-3.4528103,5.891923,6.9912605,6.1182585,7.3509903,5.3666973
1366,12,14,0.25226587,1.2359614,-5.4176416,-0.18009055,-4.704124,-2.8360868,-5.016906,-1.9622793,-0.3700834,-2.6040604,-3.2009864,-2.0621889,-3.2475817,5.867693,7.215304,6.244508,7.875984,5.2095833
1367,12,12,0.019815266,1.4459335,-5.380229,1.1573364,-4.177202,-2.647981,-4.842636,-1.7525418,-0.033959657,-2.9941676,-3.515121,-2.5338411,-3.9156106,5.8542504,6.819474,6.497661,6.7548633,4.6065164
1368,12,13,0.19261464,1.4078678,-5.4013624,0.28757355,-4.2534432,-2.830153,-4.7168665,-1.3387465,0.41790214,-2.7921343,-2.8331172,-2.1841135,-4.0293555,5.5218506,6.1108904,7.072377,6.4875045,5.137532
1369,12,14,0.15248498,1.4253384,-5.408599,-0.7817166,-4.9979334,-3.172189,-5.0638456,-2.213654,-0.44445235,-2.482779,-3.0031753,-1.748173,-3.122254,6.3266516,7.2250547,6.9329033,7.700297,5.7399006
1370,12,14,0.010683924,1.3930116,-5.37582,-1.0654333,-4.93911,-3.175119,-5.143983,-2.3784833,-0.18292832,-2.5535455,-2.7260356,-1.5249285,-3.567758,6.2546334,7.493384,7.596874,7.631574,5.35019
1371,12,14,0.2516189,1.1467454,-5.354366,-2.9780757,-5.1326036,-3.3328125,-5.4343305,-2.491295,0.7617522,-2.2311442,-1.259918,-0.6335473,-4.2090573,5.375395,7.8134117,8.018961,8.704998,4.9341354
1372,12,14,0.123019874,1.1861053,-5.3295755,-3.9324083,-5.508424,-3.5985997,-5.699401,-2.838693,0.5489006,-2.0881243,-0.95683897,0.07518655,-4.028899,5.734888,8.497764,8.557898,8.9117775,4.870352
1373,12,13,0.038122863,1.3125702,-5.2835054,-6.1694503,-6.126669,-4.255327,-5.8559895,-3.0456095,0.2921155,-1.6316266,0.18776509,1.1362983,-3.488276,6.586583,8.567105,8.682299,8.421585,6.0000296
1374,12,12,0.06950274,1.4445883,-5.2411137,-6.992554,-6.3750954,-4.304425,-5.841531,-3.1824503,0.1947603,-1.407748,0.70476925,1.2792573,-3.3874035,6.719308,8.435878,8.216402,7.941662,7.013175
1375,12,14,0.34097993,0.9613736,-5.2632856,-7.2423806,-6.1530466,-3.9385858,-5.940699,-3.0772238,1.3417063,-1.1827583,1.5977645,1.1345159,-4.068412,5.6693306,8.432962,6.8490753,9.223382,5.563163
1376,12,14,0.34602842,0.86997646,-5.271914,-7.6271896,-5.910512,-3.932312,-5.9907746,-2.8074875,1.9895161,-0.91085553,2.4901602,1.2196099,-4.291737,5.479848,8.13239,5.504136,8.900431,4.762124
1377,12,12,0.21118936,1.4629133,-5.2150774,-7.7597833,-6.6901655,-4.242857,-5.7789936,-3.3643203,0.5129318,-1.0592525,1.4021702,1.5677269,-3.5628014,6.690322,8.395851,7.5272512,7.684272,7.244547
1378,12,12,0.17171493,1.4316028,-5.188899,-7.9273143,-6.735053,-4.2903423,-5.7080555,-3.5905914,-0.076471925,-1.0510399,1.26613,1.6462569,-3.3279378,7.150727,8.558473,7.5738597,6.8077464,8.031787
1379,12,15,0.10000408,1.402875,-5.190022,-7.95192,-6.7392573,-4.331637,-5.696433,-3.5980513,-0.27844077,-1.0122168,1.203069,1.5972072,-3.0917978,7.2789946,8.258187,7.3847637,6.5667024,8.544199
1380,12,15,0.13800941,1.4672408,-5.2143965,-7.380126,-6.6488614,-4.452834,-5.719158,-3.4471612,-0.4383465,-1.1370406,0.6535572,1.4691758,-2.8546634,7.4577837,8.04194,7.8686852,6.6404643,8.5018425
1381,12,15,0.09923777,1.4379555,-5.2407045,-6.6624303,-6.5388794,-4.296072,-5.6870375,-3.4465127,-0.4156657,-1.2917707,0.11103004,0.94865465,-2.9689145,7.1078687,7.897631,8.347056,7.058961,8.649415
1382,12,15,0.2689029,1.4295521,-5.3119364,-5.540216,-6.266933,-3.9349685,-5.475221,-3.333784,-1.0056393,-1.3532593,-0.67769986,0.5401113,-2.593566,6.917317,7.7209153,7.6009994,7.346403,8.629147
1383,12,15,0.37876278,1.2855507,-5.3114843,-5.2448726,-6.2497306,-3.987133,-5.427268,-3.4407887,-1.0284318,-1.4070611,-0.9012108,0.35638928,-2.5484066,6.9816303,7.323292,7.836923,7.232544,8.9929085
1384,12,15,0.3784493,1.2971671,-5.318624,-5.0684333,-6.2182093,-3.9906216,-5.3720055,-3.413462,-1.0889431,-1.4249072,-1.0157363,0.33196437,-2.4701478,7.0268097,7.2323875,7.7496157,7.191126,8.920633
1385,12,15,0.3513394,1.2990901,-5.3415985,-4.3923054,-6.1145124,-3.9568686,-5.3122745,-3.3406649,-0.9646541,-1.5633696,-1.3862131,-0.13089582,-2.5397294,6.9968805,7.0922527,7.826399,7.1612396,8.876669
1386,12,15,0.08716211,1.516115,-5.376451,-2.9994013,-5.7795267,-3.7249799,-5.126604,-2.9606748,-0.817775,-1.8666592,-2.0864284,-0.84563076,-2.7554312,6.8734527,7.115507,7.7548566,7.228029,8.045537
1387,12,15,0.18796182,1.5134447,-5.3718557,-3.7439275,-5.922207,-3.7983027,-5.207667,-2.9947057,-1.1155214,-1.6795356,-1.7579539,-0.2608,-2.3981328,6.8916464,7.1930323,7.313597,7.445094,8.127733
1388,12,15,0.41263717,1.2828583,-5.3204675,-4.9455266,-6.1846905,-3.9154437,-5.4555235,-3.3249981,-1.012074,-1.4768293,-1.0400382,0.16490602,-2.5021346,6.829567,7.270984,7.5878935,7.3534484,8.923521
1389,12,15,0.30685994,1.3565015,-5.331105,-4.3908834,-6.052127,-3.761514,-5.4205074,-3.3429484,-0.72204906,-1.6609257,-1.3009065,-0.4131564,-2.8758078,6.571335,7.4589252,7.8394895,7.5719543,8.814672
1390,12,15,0.063836336,1.4967189,-5.3284025,-4.0832353,-5.941786,-3.5539103,-5.4228787,-3.2842975,-0.49859118,-1.8075938,-1.384612,-0.6288401,-3.249275,6.276874,7.8681192,7.958302,7.901303,8.201899
1391,12,12,0.13584512,1.4165232,-5.2985463,-4.772323,-6.031537,-3.3239796,-5.6118355,-3.4893818,-0.22771817,-1.7600163,-0.82270455,-0.48226905,-3.6981456,5.780633,8.63704,7.930244,8.183384,7.940467
1392,12,12,0.21271536,1.3116084,-5.237525,-6.227007,-6.324299,-3.3949707,-5.8042126,-3.8150434,-0.06836963,-1.4982917,0.1960367,-0.040377557,-3.914145,5.635665,9.087731,7.78106,7.9715214,8.469011
1393,12,12,0.30903393,1.2079107,-5.1765165,-7.63684,-6.6501446,-3.3774784,-5.939764,-3.991295,0.7585566,-1.13589,1.6057458,0.38950032,-4.4194126,5.114111,9.159134,6.995077,8.242587,8.247744
1396,12,14,0.017955095,0.7955786,-5.159582,-8.2284,-6.139216,-2.9589162,-6.314699,-3.7902532,2.388466,-0.78441626,3.3353405,0.13070792,-5.326255,3.753031,9.424766,4.244228,9.461399,5.865146
1397,12,14,0.102975994,0.7482297,-5.1885614,-7.6999865,-5.8173914,-2.7158573,-6.3009615,-3.5856376,2.6316962,-0.8983466,3.2483346,-0.10677886,-5.5934353,3.303056,9.46389,3.9768305,9.672629,5.0892706
1398,12,12,0.0655126,0.7955869,-5.1437807,-8.711159,-6.2347064,-3.1143296,-6.369013,-3.8091478,2.3848126,-0.71313757,3.7351289,0.44867086,-5.1672363,4.0174704,9.447764,3.8627172,9.313898,5.772015
1399,12,12,0.3888767,0.8660718,-5.1514034,-8.066955,-6.584695,-3.2371767,-6.168825,-3.9990728,1.3475218,-1.0631506,2.3853965,0.6403744,-4.7839823,4.6452594,9.724794,5.9894023,8.836138,7.090537
1400,12,14,0.16860104,0.8137219,-5.2009463,-7.399067,-6.1833706,-2.9501595,-6.192907,-3.7844133,1.8897698,-1.1040684,2.201564,0.12834239,-5.151603,3.908071,9.43188,5.7383623,9.782375,6.205531
1401,12,14,0.21115407,0.8838424,-5.2107716,-7.1581335,-6.172596,-3.053325,-6.1012506,-3.7041826,1.6320227,-1.1728401,1.8178983,0.08894211,-4.9505744,4.1195374,9.160519,6.287871,9.613522,6.5888467
1402,12,14,0.053014696,1.0691607,-5.245346,-5.868098,-6.0338535,-2.9306445,-5.866411,-3.7610695,1.0681858,-1.5316463,0.6163356,-0.26746863,-4.8887277,4.209209,9.201448,7.5201716,9.322275,6.9046254
1403,12,12,0.23757319,1.3044147,-5.2532606,-5.5209937,-6.1372566,-3.058031,-5.7587557,-3.9370286,0.25634462,-1.6303625,-0.07291712,-0.4989092,-4.403828,4.92053,9.147041,8.026624,8.42157,8.086828
1404,12,12,0.07162559,1.322313,-5.298049,-4.555479,-6.0327806,-3.0197096,-5.614455,-3.5832152,-0.3107801,-1.6919312,-0.8723437,-0.8946931,-3.6759574,5.381555,8.688364,7.061152,8.23062,8.475706
1405,12,12,0.009637713,1.3154804,-5.3354855,-3.4588082,-5.789978,-2.9269166,-5.4238253,-3.1781895,-0.46311617,-1.8439898,-1.4930499,-1.2239184,-3.4063387,5.3743,8.344873,6.594544,8.317102,7.904667
1406,13,15,0.07324341,1.3729649,-5.3541546,-2.7087927,-5.696494,-3.0953274,-5.1607885,-3.037925,-0.6724154,-1.9103075,-2.0148969,-1.4701209,-3.1195023,5.716198,7.565026,6.656101,7.955703,8.172052
1407,13,15,0.38765782,1.2197964,-5.4012094,-0.60352314,-5.1602182,-3.0332186,-4.655891,-2.3175306,-0.46526277,-2.1963286,-2.9327397,-2.2651536,-3.269372,5.843396,6.054518,6.9453917,6.106263,8.047583
1408,13,15,0.36221373,1.301175,-5.416587,0.14901876,-5.0183935,-3.0705416,-4.430026,-2.0605555,-0.705907,-2.2474396,-3.332906,-2.3831053,-2.9701233,6.1839495,5.740764,6.539796,5.665703,7.6476545
1409,13,15,0.057135522,1.5696023,-5.4388356,-0.2403772,-5.189537,-3.2422497,-4.369433,-2.0708318,-1.1000679,-2.09645,-3.394064,-1.8510389,-2.407115,6.6413717,6.062629,6.1897078,6.312244,6.854449
1410,13,11,0.09774844,1.5768673,-5.4575086,-0.41937754,-5.231287,-3.3860946,-4.3531294,-1.933581,-1.2326428,-2.0257287,-3.4305875,-1.473413,-2.1192923,6.852047,6.0964117,6.195173,6.4617486,6.4043374
1411,13,11,0.007327616,1.5877738,-5.453883,-1.0431285,-5.371707,-3.4873097,-4.4867506,-2.0261762,-1.2482511,-1.9328463,-3.1801276,-1.1195465,-2.037702,6.8322515,6.326442,6.330226,6.803455,6.464559
1412,13,11,0.02698028,1.5895119,-5.446187,-0.8358817,-5.329052,-3.4599063,-4.5187864,-2.0927963,-1.1984088,-2.040676,-3.2358556,-1.3426032,-2.1890664,6.9086576,6.4129868,6.393141,6.801563,6.490055
1413,13,11,0.1339998,1.568274,-5.4411073,-0.99644136,-5.3806314,-3.6099458,-4.5649934,-2.148186,-1.2447863,-2.0112324,-3.1866684,-1.2103854,-2.0668588,7.1667647,6.310637,6.578767,6.608674,6.622179
1414,13,11,0.0033385158,1.5518919,-5.422765,-1.8344586,-5.5402794,-3.760354,-4.7099557,-2.4119296,-1.30234,-1.8529127,-2.7997766,-0.809271,-1.9664108,7.2139792,6.2556305,6.7936354,6.600845,7.2019854
1415,13,15,0.19523913,1.5270153,-5.4031057,-2.306384,-5.678852,-3.6746252,-4.853487,-2.6840196,-1.1619086,-1.7989635,-2.5195823,-0.8545778,-2.2599459,6.962449,6.5865207,6.9177046,6.8831196,7.7082767
1416,13,15,0.14972574,1.4838095,-5.3774385,-2.605762,-5.7255564,-3.708457,-5.064618,-2.924009,-0.82456064,-1.8818934,-2.3003702,-1.0234327,-2.696869,6.885922,6.917056,7.6068454,6.991744,8.090174
1417,13,13,0.12211141,1.5127171,-5.3454027,-3.2672966,-5.7760873,-3.627399,-5.264708,-3.0920544,-0.48865563,-1.9278007,-1.8668298,-0.8139919,-3.1766233,6.605976,7.5516634,8.151302,7.4807234,7.710784
1418,13,13,0.30678216,1.3389571,-5.317642,-4.5512652,-5.9746532,-3.7624154,-5.4979773,-3.2621336,-0.15473223,-1.7943584,-1.0510217,-0.16837889,-3.5059643,6.3736324,7.947496,8.9242115,7.827672,7.5108337
1419,13,13,0.13310948,1.3834319,-5.290044,-5.2626934,-6.160937,-3.8088434,-5.6702576,-3.414186,-0.12303412,-1.6838338,-0.6383249,0.17042077,-3.5427332,6.385417,8.428694,8.819217,7.8685837,7.5372014
1420,13,13,0.12510467,1.3116084,-5.29169,-5.193754,-6.1103354,-3.6942914,-5.69098,-3.2706304,0.4933986,-1.6803933,-0.36244792,0.15915126,-3.960442,5.7912292,8.376134,8.767874,8.383913,6.8018227
1421,13,14,0.3984161,1.0123775,-5.279479,-5.86565,-5.93981,-3.4551816,-5.8042893,-3.1087608,1.3514395,-1.4219016,0.64500624,0.18254727,-4.4236155,4.950781,8.23307,7.4820747,9.241385,6.090811
1422,13,14,0.38402045,0.95688885,-5.264783,-6.266982,-6.0053797,-3.4640644,-5.8863163,-3.2336724,1.3779376,-1.3861183,0.92999035,0.3222053,-4.463438,4.905403,8.491978,7.306791,9.41245,6.0590076
1423,13,14,0.43033546,0.90451854,-5.263508,-6.5791187,-6.03537,-3.7077818,-5.9695888,-3.1005416,1.4396522,-1.354212,1.1645406,0.67381024,-4.304451,5.2032986,8.449116,7.20482,9.480861,5.6604743
1424,13,12,0.079726726,1.3190596,-5.2608523,-6.356266,-6.332328,-4.0155272,-5.871714,-3.2812872,0.58917415,-1.5018235,0.4450477,0.8756986,-3.8340752,6.089575,8.694836,8.433182,8.447831,6.5691147
1425,13,12,0.11873275,1.2982993,-5.257911,-6.360898,-6.3294897,-4.0599995,-5.8419666,-3.3702543,0.34719092,-1.482827,0.31858143,0.99947333,-3.7361927,6.3865376,8.879488,8.55226,8.066603,6.6017814
1426,13,12,0.19269708,1.3295842,-5.2371025,-6.808,-6.4078054,-4.096523,-5.8259683,-3.5024066,0.17093375,-1.3636872,0.56327665,1.1150475,-3.6402292,6.5661793,8.889709,8.352699,7.7042017,7.102254
1427,13,13,0.010359615,1.3538033,-5.2690783,-6.2215176,-6.315541,-3.912085,-5.7511888,-3.3886652,0.5128542,-1.4543998,0.30346325,0.6921742,-3.866118,6.0312905,8.527513,8.559395,8.322498,6.9011946
1428,13,14,0.1662611,1.2926761,-5.283977,-6.1497045,-6.2144365,-3.9382548,-5.750003,-3.0655136,0.89302254,-1.4042051,0.462493,0.7016562,-3.874986,5.909897,8.081868,8.182461,8.672622,6.3685656
1429,13,13,0.23875678,1.352685,-5.2658744,-6.076762,-6.37267,-4.2921033,-5.734274,-3.2471955,-0.14110115,-1.507316,-0.18615797,0.92513037,-3.21873,7.0376925,8.279153,8.965205,7.499201,7.3496184
1430,13,13,0.21366003,1.3852919,-5.265216,-6.008853,-6.3887396,-4.202256,-5.6990614,-3.3372896,-0.16161281,-1.4921244,-0.24189422,0.7685435,-3.2687068,6.92262,8.268218,8.900951,7.489242,7.630498
1431,13,13,0.14231491,1.4208486,-5.2591343,-5.929542,-6.4092016,-3.9540596,-5.6618423,-3.5273426,-0.06363219,-1.4684246,-0.2211618,0.42489588,-3.5219176,6.499507,8.308085,8.760879,7.5641994,8.09913
1432,13,13,0.040459037,1.4195623,-5.268791,-5.518315,-6.265896,-3.5859554,-5.6434216,-3.6864347,0.019424856,-1.5661305,-0.37276173,-0.05891651,-3.8521018,5.912116,8.521239,8.651372,7.8660107,8.168239
1433,13,13,0.08325374,1.4030336,-5.3037157,-5.1309133,-6.0796404,-3.4951682,-5.486394,-3.1603084,0.5652411,-1.5068216,-0.28597206,-0.23008913,-3.979501,5.443292,7.654864,8.405768,8.144974,7.6346226
1434,13,15,0.0035264194,1.3454702,-5.2915335,-5.3440948,-6.342813,-4.10639,-5.5476,-3.3676338,-0.3475082,-1.4739771,-0.75042176,0.24265009,-3.0341501,6.8414564,7.4704742,8.707468,7.1597342,8.716831
1435,13,15,0.27795887,1.3632505,-5.284422,-5.4607115,-6.312373,-3.9310734,-5.5839047,-3.5402513,-0.6358236,-1.4558269,-0.69734263,0.17144924,-2.9547749,6.762208,7.8543625,8.0749035,7.3985276,8.941303
1436,13,15,0.1929793,1.4191118,-5.304426,-4.874545,-6.171625,-3.6156676,-5.5115113,-3.497294,-0.6003587,-1.5830455,-0.9723287,-0.26757812,-3.1441946,6.3734074,8.074247,7.7387867,7.7760806,8.700453
1437,13,15,0.0911859,1.4974602,-5.3142376,-4.901913,-6.1186743,-3.7279034,-5.4992666,-3.3791776,-0.731084,-1.6135759,-0.99506336,-0.08246589,-2.9776046,6.604847,8.059813,7.7844715,7.821437,8.381458
1438,13,15,0.04853353,1.5265682,-5.319907,-4.901964,-6.1226664,-3.9720967,-5.505782,-3.278462,-0.7871735,-1.6395259,-1.0811522,0.11216587,-2.775096,6.953944,7.7881746,8.125316,7.645092,8.295758
1439,13,15,0.21487229,1.3886126,-5.32061,-4.9376264,-6.154577,-4.0899997,-5.478289,-3.3239067,-0.87042665,-1.5620728,-1.0960587,0.15154153,-2.5864136,7.0765805,7.309059,8.138856,7.3097286,8.770629
1440,13,15,0.31180885,1.3540875,-5.3081217,-5.1349034,-6.1956553,-3.9728875,-5.519186,-3.3928657,-0.86610055,-1.5196711,-0.93366385,0.13575071,-2.6786566,6.8704896,7.497135,7.925109,7.4549446,8.896961
1441,13,12,0.04616043,1.5096316,-5.3241735,-4.8910084,-6.0305557,-3.6621957,-5.5181437,-3.2781823,-0.76527417,-1.6169641,-0.97182703,-0.023886383,-2.9537282,6.5552616,8.187318,7.6070333,7.937678,8.017745
1442,13,13,0.029956907,1.5026234,-5.2984047,-5.23667,-6.06979,-3.7862642,-5.566986,-3.458744,-0.51577896,-1.6529144,-0.76346785,0.0074801445,-3.2226853,6.556937,8.159334,8.30334,7.837376,8.19051
1443,13,13,0.06740859,1.4753175,-5.2972794,-5.016202,-6.093373,-3.750451,-5.553108,-3.4721029,-0.37540504,-1.6776109,-0.8597907,-0.13575673,-3.3446503,6.4012003,8.102333,8.4661255,7.807955,8.2292185
1444,13,13,0.11111507,1.4651432,-5.309543,-4.43381,-5.998056,-3.5910823,-5.4740744,-3.4083521,-0.27992606,-1.7657245,-1.1427425,-0.4408942,-3.4959471,6.1898556,8.049322,8.450308,7.83912,8.0285
1445,13,13,0.2734152,1.3737643,-5.3470545,-3.8052037,-5.8001337,-3.5875604,-5.2875175,-2.987027,-0.05821091,-1.8331373,-1.3449216,-0.6437975,-3.532735,6.1125994,7.357397,8.571802,7.539953,7.6847854
1446,13,13,0.26758635,1.365182,-5.388278,-2.3898273,-5.426818,-3.4299672,-5.0258503,-2.513595,-0.12309092,-2.058227,-2.0466142,-1.2322278,-3.4489856,6.1627693,6.7160378,8.221401,6.9505205,7.4110055
1447,13,13,0.19556215,1.4408451,-5.3996944,-1.4088542,-5.296876,-3.5044456,-4.937533,-2.4385457,-0.49526477,-2.226582,-2.7034988,-1.5660415,-3.091753,6.6184697,6.5631695,7.933963,6.588896,7.3264976
1448,13,13,0.019453675,1.5910997,-5.4033694,-1.211159,-5.342083,-3.5240967,-4.8808217,-2.4784927,-0.79264235,-2.2065673,-2.9269433,-1.6006001,-2.7129135,6.849468,6.7130747,7.248042,6.8874636,7.1695676
1449,13,14,0.033201784,1.6029727,-5.413724,-1.20354,-5.342852,-3.5120494,-4.8580384,-2.3950937,-0.8927063,-2.2002552,-2.9805474,-1.4728584,-2.5727496,6.904525,6.85524,7.0018206,7.147305,6.7633944
1450,13,14,0.010331154,1.5894828,-5.428328,-1.0356201,-5.2911625,-3.5479796,-4.7782164,-2.2597733,-0.99365604,-2.2022355,-3.1067708,-1.396214,-2.4165444,7.0420175,6.754045,6.903904,7.08475,6.462756
1451,13,14,0.23021051,1.4191794,-5.4641027,-0.15672833,-5.0023894,-3.145458,-4.4828644,-1.582057,-0.9527309,-2.220928,-3.5296087,-1.5671809,-2.3297668,6.3386455,6.5614214,5.932167,7.2986407,5.3874454
1452,13,14,0.018054903,1.4804827,-5.472423,1.1766598,-4.713291,-3.0925796,-4.194639,-1.2188913,-0.98411006,-2.455396,-4.1201363,-2.1155882,-2.2397263,6.5472517,6.022322,5.604582,6.6042957,4.9637575
1453,13,11,0.26641458,1.4781928,-5.455143,1.2338368,-4.7741203,-3.2998047,-4.204989,-1.489873,-1.0818279,-2.4463375,-4.0407424,-2.259571,-2.226808,6.9529166,5.7061768,5.9976625,5.7913284,5.814028
1454,13,11,0.13402855,1.4276955,-5.4488997,2.786181,-4.17086,-2.9517055,-4.034027,-0.9437806,-0.72374284,-2.9128594,-4.3494635,-3.0027053,-2.9152212,6.531378,4.9013414,6.071433,4.2548895,6.101724
1455,13,11,0.12797475,1.5019724,-5.42855,2.3099651,-4.2465696,-2.9875515,-4.268225,-1.2533802,-0.60490215,-2.940146,-4.192253,-2.9058328,-3.064884,6.6267138,5.5367594,6.2156243,5.09363,5.7205944
1456,13,11,0.032855123,1.5201248,-5.425203,1.6737779,-4.346715,-2.9211972,-4.536343,-1.4997716,-0.5307516,-2.8935835,-4.016804,-2.6784797,-3.0792303,6.550685,6.3237133,5.9708056,6.430639,4.890229
1457,13,14,0.065371186,1.4487119,-5.417882,1.1113682,-4.3420696,-2.877172,-4.7629433,-1.6470764,-0.35738882,-2.874241,-3.7438025,-2.3581228,-3.2945926,6.3966846,6.737104,6.2666097,6.952894,4.456346
1458,13,13,0.036391497,1.4087757,-5.385927,-0.44941527,-4.6902876,-3.1697226,-5.091209,-2.1748044,-0.21381274,-2.7111588,-2.9938855,-1.7331054,-3.512062,6.3934426,7.2294984,7.513642,7.3960056,4.9963436
1459,13,13,0.024621516,1.3013167,-5.3830075,-0.37699875,-4.4367237,-3.0852094,-5.0925713,-1.9365988,0.36714813,-2.766886,-2.6585035,-1.6063203,-4.032408,5.8208055,7.1605787,7.5936604,7.522641,4.1895914
1460,13,14,0.37858334,1.0754414,-5.385509,0.2882276,-3.6060984,-2.407093,-4.911616,-0.79547334,1.6244397,-2.794641,-2.000431,-1.8900851,-5.0084944,4.4957123,6.164523,5.271665,7.1279483,3.1024737
1461,13,14,0.39742118,1.0515263,-5.3834424,-0.14819932,-3.9542577,-2.6736739,-5.0439024,-1.3252838,1.2129722,-2.7780595,-2.1750648,-1.7422596,-4.700986,4.750601,6.7347326,6.25481,7.780615,3.4267447
1462,13,14,0.090349644,1.2373103,-5.3637547,-1.9105644,-4.900686,-3.290567,-5.457278,-2.4531064,0.25032675,-2.5060637,-2.1004152,-0.9083047,-3.903618,5.8818836,7.9698963,8.074944,8.338854,4.5045075
1463,13,14,0.051629007,1.2062116,-5.3556004,-2.9211333,-5.1376576,-3.5294707,-5.5659046,-2.5754526,0.3865815,-2.3369431,-1.5314608,-0.5073848,-3.8674927,5.8659143,8.009181,8.468608,8.607321,4.8541856
1464,13,14,0.38709885,1.0777134,-5.366947,-1.4703933,-4.478605,-3.029016,-5.3170285,-1.8117652,1.0885711,-2.5397034,-1.7547889,-1.2450347,-4.451334,5.0141077,7.20795,7.2258577,8.318327,4.0767317
1465,13,14,0.19023216,1.1943971,-5.3483343,-1.4544078,-4.686351,-2.9474263,-5.3325586,-2.2098746,0.8205013,-2.5338044,-1.9552171,-1.4036658,-4.449654,4.9984255,7.5321674,7.641861,8.178597,4.7470126
1466,13,13,0.050632775,1.3036147,-5.356389,-1.1724815,-4.7705655,-2.9407403,-5.195793,-2.3190296,0.4500162,-2.5605924,-2.2925024,-1.6851127,-4.2330766,5.297109,7.376608,7.803013,7.656337,5.453421
1467,13,13,0.24177825,1.3593676,-5.3728724,-0.6037228,-4.7960443,-3.1218197,-5.089099,-2.1843102,0.0078215,-2.6290522,-2.8200366,-1.8407896,-3.7646515,6.0317984,7.0340977,7.8572598,7.105875,5.670841
1468,13,13,0.15939337,1.3915164,-5.3721137,-0.73564005,-4.86141,-3.1556184,-5.170346,-2.2730522,-0.079873145,-2.61152,-2.830793,-1.7831016,-3.6667123,6.1311436,7.1794825,7.806454,7.310733,5.6933956
1469,13,12,0.017819673,1.3523605,-5.358941,0.72076297,-4.4059343,-2.5047178,-5.022597,-1.9418913,0.27306604,-2.8534622,-3.2813199,-2.4610634,-4.225812,5.317209,7.1648884,6.5672407,7.114327,4.9159365
1470,13,12,0.075699955,1.3896562,-5.3493414,0.96333426,-4.2360106,-2.3138206,-4.8794985,-1.9146653,0.4035031,-2.907023,-3.1903384,-2.6747255,-4.587083,4.9212008,6.9723835,6.5247927,6.7412767,5.140724
1471,13,12,0.000567019,1.3513205,-5.3579454,0.16116935,-4.4031744,-2.5419219,-4.9671297,-2.047935,0.49145603,-2.774398,-2.8069658,-2.2450716,-4.5385547,5.0409937,7.108998,7.09291,7.1071568,5.088131
1472,13,14,0.03385088,1.3376408,-5.350356,-0.8180537,-4.8172436,-2.8173318,-5.2219014,-2.4549832,0.1382919,-2.59544,-2.6638384,-1.881126,-4.0721292,5.5077004,7.60824,7.3657026,7.709297,5.5448656
1473,13,14,0.07477778,1.3316548,-5.326079,-2.1324253,-5.1921988,-2.9660692,-5.4690337,-2.82721,0.051807642,-2.3542528,-2.0824573,-1.51285,-3.939982,5.4079475,7.979613,7.7301464,8.200765,6.400898
1474,13,14,0.05348283,1.272281,-5.310939,-2.5644197,-5.2323856,-2.8860552,-5.553339,-3.008304,0.32246524,-2.3123524,-1.7121599,-1.3651173,-4.3170013,4.988166,8.269567,7.9534016,8.421777,6.321246
1475,13,14,0.025042951,1.2762548,-5.2978973,-3.7723298,-5.5613117,-3.0364292,-5.643299,-3.325985,0.41249594,-2.0546203,-1.0542494,-0.8749369,-4.373459,4.9601383,8.571345,8.286795,8.643992,6.6983585
1476,13,14,0.10593501,1.3259852,-5.325517,-4.581685,-5.7586036,-3.4583356,-5.5568843,-2.65895,0.80837774,-1.7082942,-0.43782663,-0.46513864,-3.9872503,5.254627,7.410917,8.086977,8.381863,6.965914
1477,13,13,0.16471864,1.4005094,-5.3120627,-4.537926,-5.9677143,-3.4978414,-5.531637,-3.163762,0.21765125,-1.7462041,-0.8096939,-0.49885353,-3.8077526,5.6274757,7.7555423,8.584685,8.043152,7.824999
1478,13,13,0.088757485,1.4077282,-5.2846103,-5.0598097,-6.0537024,-3.425824,-5.627129,-3.475465,0.2152395,-1.7134359,-0.48756853,-0.33720177,-4.006209,5.4881124,8.310677,8.615049,8.298423,7.8075523
1479,13,13,0.12295689,1.4409113,-5.274553,-5.693763,-6.2402925,-3.734309,-5.696787,-3.3437135,0.20072728,-1.5504028,-0.1534186,0.046135724,-3.707395,5.8523273,8.025604,8.551093,8.10823,8.054483
1480,13,12,0.007914096,1.450105,-5.255829,-5.897155,-6.2911253,-3.7542195,-5.7562866,-3.6056368,-0.12135345,-1.5413287,-0.19328521,0.13260645,-3.5856462,6.1747665,8.466607,8.4386,7.796864,8.365546
1481,13,12,0.18378271,1.3762629,-5.2812614,-5.487532,-6.149224,-3.56208,-5.726841,-3.5270586,-0.14022633,-1.6078379,-0.41623023,0.0973838,-3.6607406,6.091526,8.840905,8.275366,7.9728785,7.6305323
1482,13,12,0.1817831,1.4009646,-5.3050604,-4.8938274,-6.00589,-3.385659,-5.627329,-3.4781106,-0.28959787,-1.685816,-0.80309045,-0.24365687,-3.5798616,5.9894457,8.694959,7.9574504,8.102592,7.6742563
1483,13,13,0.10028595,1.4329158,-5.2823086,-5.296486,-6.191467,-3.76555,-5.61789,-3.5144553,-0.1983661,-1.6242505,-0.6351821,-0.051639378,-3.4926524,6.2601156,8.088437,8.673802,7.7572346,8.3484955
1484,13,13,0.2800714,1.3572206,-5.3041434,-4.7382545,-6.1259203,-3.7476442,-5.55897,-3.3340576,-0.051894367,-1.710726,-0.9326363,-0.14986885,-3.5799417,6.265282,8.00875,8.907091,7.7278137,7.7988176
1485,13,13,0.18670905,1.329704,-5.306521,-4.0773034,-5.8464165,-3.421649,-5.5184884,-3.2930863,0.14966077,-1.9053435,-1.1164119,-0.5224243,-3.9436693,5.709699,8.2052765,8.776476,8.12859,7.145368
1486,13,13,0.2422383,1.3724724,-5.2983627,-4.977813,-6.043387,-3.774889,-5.6485186,-3.3474832,-0.10286343,-1.7522795,-0.7694824,-0.07186997,-3.5401688,6.202937,8.121651,8.901342,8.002441,7.703945
1487,13,13,0.15701175,1.3787925,-5.3173056,-4.3124666,-5.8564672,-3.6854239,-5.590011,-3.2243905,-0.24006492,-1.9000058,-1.2136388,-0.2280702,-3.4378176,6.3501997,8.231026,8.711887,8.0414,7.1369433
1488,13,13,0.37795585,1.2395062,-5.3250613,-4.454413,-5.887352,-3.8116186,-5.5297623,-3.0724602,0.043218613,-1.8319759,-1.0096998,-0.13326436,-3.5315237,6.2864404,7.7705216,9.069605,7.930027,7.1344366
1489,13,13,0.2925312,1.2588736,-5.325371,-4.155168,-5.800001,-3.578137,-5.480396,-3.0268354,0.32491583,-1.8593987,-1.0012617,-0.40221035,-3.847042,5.788308,7.7505035,8.899096,8.057818,7.0110655
1490,13,14,0.016951501,1.2592648,-5.331582,-3.7496338,-5.5367002,-3.29277,-5.4502563,-2.9479222,0.6910882,-1.9620881,-0.9554912,-0.5966394,-4.259687,5.2316246,7.914924,8.423565,8.469992,6.2408442
1491,13,13,0.32562667,1.3521627,-5.3053427,-4.9882293,-6.1199074,-3.9999304,-5.589343,-3.3145669,-0.28474933,-1.7044928,-0.9260552,0.13925451,-3.2499325,6.735244,7.932261,8.992424,7.6097026,7.8048067
1492,13,12,0.06969747,1.5105929,-5.332871,-4.2592516,-5.9856567,-3.6407704,-5.4858603,-3.1399906,-0.49117804,-1.7219296,-1.3229928,-0.18774945,-3.1109507,6.5538793,8.152363,7.897441,7.847226,7.4864054
1493,13,13,0.043926835,1.5320169,-5.3280034,-4.2311873,-6.055612,-3.791181,-5.426083,-3.2312746,-0.5607965,-1.7133127,-1.4174086,-0.24063009,-3.0120285,6.7636547,7.839702,8.133216,7.5925236,7.9698057
1494,13,13,0.023194611,1.361559,-5.3395834,-4.0513306,-6.060547,-3.9109554,-5.323248,-3.220037,-0.49044967,-1.6829758,-1.4942546,-0.36288193,-3.010107,6.798576,7.2232676,8.547352,7.050197,8.485058
1495,13,13,0.0488545,1.3216485,-5.3543983,-3.790544,-5.9994044,-3.9400172,-5.2469754,-3.1253023,-0.5504561,-1.6827017,-1.6461687,-0.4083493,-2.9113455,6.9040837,6.9552474,8.593158,6.8538027,8.466448
1496,13,15,0.2944802,1.3144509,-5.326005,-4.9076843,-6.2009215,-4.1676464,-5.361744,-3.3580937,-1.1412129,-1.3961232,-1.1953424,0.49329627,-2.2539265,7.3376865,6.9261093,7.9828205,6.884093,8.832259
1497,13,15,0.26458538,1.3446105,-5.318876,-5.313417,-6.24846,-4.2557764,-5.4015236,-3.2765207,-1.2097439,-1.298562,-0.963622,0.8892572,-2.1103826,7.3948812,6.8667603,7.931901,6.789827,8.706229
1498,13,13,0.0011261106,1.5276855,-5.3296633,-5.659027,-6.2579136,-4.3941927,-5.4030323,-3.08006,-1.2121065,-1.2672132,-0.7858546,1.2804502,-2.0756912,7.6354,7.258049,8.020657,6.8439245,8.016761
1499,13,13,0.03953463,1.455296,-5.3043113,-6.112639,-6.364955,-4.606907,-5.4679956,-3.1955726,-1.1754372,-1.2211983,-0.5419441,1.5503258,-2.0387383,7.906072,7.1395464,8.343465,6.588466,8.217153
1500,13,15,0.27316898,1.2746941,-5.270585,-6.427944,-6.4981155,-4.491426,-5.5162745,-3.4752636,-1.0394366,-1.1484337,-0.24495496,1.3480222,-2.24198,7.5954576,7.0414486,8.246535,6.509547,9.001245
1501,13,15,0.323807,1.2413175,-5.264355,-6.7413745,-6.5232096,-4.5016365,-5.5101085,-3.5078876,-1.0652157,-1.0713047,-0.021776468,1.5067475,-2.2363472,7.6030445,7.0229034,8.155771,6.3961515,9.060314
1502,13,15,0.1845189,1.2998897,-5.2516394,-7.1834717,-6.6462793,-4.653151,-5.534497,-3.3667321,-0.6625432,-1.0154521,0.39680284,1.716083,-2.3857982,7.6286907,6.8886843,8.3283,6.3176484,8.828661
1503,13,15,0.27399647,1.3631283,-5.227709,-7.6528015,-6.7713776,-4.565443,-5.606352,-3.3515842,-0.32552472,-0.9576185,0.8989539,1.7475779,-2.6867604,7.4524045,7.2338443,7.856694,6.496003,8.692783
1504,13,15,0.37874258,1.2754967,-5.2097955,-7.8153133,-6.75082,-4.4828677,-5.6250496,-3.5696537,-0.5943499,-0.95868087,0.9801483,1.726774,-2.6824145,7.5600796,7.748847,7.4367466,6.1639996,8.942061
1505,13,15,0.25737488,1.283419,-5.1852455,-8.152274,-6.802303,-4.3503604,-5.6542215,-3.6659951,-0.35593927,-0.9014069,1.3707037,1.6949788,-2.9724267,7.399165,8.116123,7.0696945,6.1490097,8.825951
1506,13,12,0.06049657,1.4258147,-5.1631923,-8.698622,-6.94968,-4.3789787,-5.731274,-3.6098323,0.2967959,-0.7976964,2.0984814,2.062957,-3.349043,7.212612,8.202929,6.7654915,6.528041,8.028816
1507,13,12,0.06119734,1.4548558,-5.1632667,-8.853173,-7.0058846,-4.4798656,-5.74678,-3.5444214,0.42682093,-0.7392787,2.2865005,2.2641435,-3.2833064,7.332004,8.03246,6.5654316,6.4521937,7.846687
1508,13,12,0.1951639,1.4322586,-5.1777654,-8.301911,-6.8994193,-4.2607365,-5.7568245,-3.610751,0.4428286,-0.892671,1.7996517,1.7761549,-3.5545373,6.9015245,8.420144,7.112914,7.0262012,7.826748
1509,13,12,0.32962054,1.3042402,-5.189581,-7.644079,-6.7226543,-4.0434,-5.752064,-3.75118,0.1816754,-1.0985454,1.184941,1.2819625,-3.695612,6.635274,8.934105,7.603735,7.136954,7.946294
1510,13,12,0.055657446,1.1694267,-5.2228804,-7.3442383,-6.498383,-3.5928934,-5.863346,-3.679086,1.1250179,-1.1021163,1.4875262,0.7574997,-4.3552036,5.355713,8.875259,7.1464972,8.74271,6.951464
1511,13,14,0.3076323,1.1047034,-5.261425,-7.0758114,-6.2304745,-3.745184,-5.886388,-3.128123,1.312509,-1.1151425,1.4250847,0.6588311,-4.139693,5.4150567,8.158304,6.9626203,8.917755,6.494487
1512,13,13,0.030592948,1.4696612,-5.2475724,-6.3783655,-6.369629,-3.9370217,-5.7834606,-3.419856,0.05201122,-1.456291,0.19770232,0.47319287,-3.5364606,6.2399282,8.313736,8.420454,7.863987,8.0957155
1513,13,12,0.0007457435,1.3475207,-5.2928967,-4.528837,-5.847385,-3.3500025,-5.6705923,-3.4386609,0.13767278,-1.8918015,-0.82518023,-0.45920846,-4.009758,5.518024,8.584965,8.582628,8.404165,7.198884
1514,13,14,0.1728121,1.2452209,-5.3261557,-3.0771449,-5.2721357,-2.9195282,-5.3662796,-2.9238386,0.6728155,-2.117343,-1.223291,-1.0957658,-4.522422,4.7834597,7.984642,7.9605956,8.494177,6.169766
1515,13,14,0.04974878,1.2283341,-5.3156114,-3.0667531,-5.2963605,-2.9564068,-5.5009246,-3.1412256,0.37572163,-2.191614,-1.4060324,-1.0116868,-4.388067,5.032277,8.45566,8.059996,8.592202,6.02759
1516,13,14,0.05065751,1.2222997,-5.348796,-2.7531211,-5.2999897,-3.0557792,-5.490842,-2.8712084,-0.005657643,-2.1626477,-1.8226833,-0.88528746,-3.7953563,5.5940666,8.371793,7.6443696,8.502642,5.7688627
1517,13,14,0.058583528,1.339258,-5.357301,-1.5458659,-5.0264864,-3.0212545,-5.267691,-2.64439,-0.10683957,-2.4455736,-2.442391,-1.4867744,-3.7817416,5.835346,7.796754,7.6117516,7.9730873,5.7280736
1518,13,14,0.04973057,1.3838814,-5.3622336,-0.51128125,-4.722317,-2.8287318,-5.1251693,-2.3584375,-0.06278771,-2.6547918,-2.8644397,-2.0330405,-3.8824313,5.716685,7.402821,7.180439,7.555319,5.5755334
1519,13,14,0.01571247,1.4878947,-5.3727894,-0.10767606,-4.6868896,-2.9001322,-4.989373,-2.203528,-0.18252587,-2.6833904,-3.093575,-2.2341094,-3.6962447,5.945073,7.0259385,7.0751357,7.1305075,5.8361864
1520,13,13,0.20047435,1.534211,-5.3947163,1.3865994,-4.1661034,-2.5313542,-4.467314,-1.2593861,0.2083514,-2.895879,-3.3748922,-2.7989697,-4.0841517,5.3728533,5.7590923,6.559909,5.6438227,5.808915
1521,13,13,0.10584012,1.5197651,-5.4120035,0.9907553,-4.512657,-2.9301739,-4.5582047,-1.559653,-0.26601607,-2.7163112,-3.517411,-2.6401901,-3.4284835,6.0696044,5.7977467,6.844613,5.64808,6.490162
1522,13,13,0.106777325,1.5923114,-5.397662,0.63662636,-4.679011,-3.0101814,-4.7029757,-1.8959429,-0.38424194,-2.6625729,-3.5171633,-2.5001621,-3.3455672,6.2971745,6.3524055,6.8077064,6.3016863,6.27094
1523,14,12,0.0110066235,1.5790048,-5.389081,0.9686917,-4.590376,-2.7730181,-4.693643,-1.8790374,-0.28946644,-2.7417498,-3.6275885,-2.673049,-3.5310576,6.0390472,6.5988474,6.3265595,6.5565724,5.831103
1524,14,14,0.13106951,1.4374064,-5.401967,0.16422781,-4.826073,-2.853889,-4.8724184,-2.0413468,-0.37892336,-2.5849273,-3.361462,-2.3396022,-3.2900472,5.9511385,6.9821205,6.291519,7.373673,5.8342004
1525,14,14,0.06115064,1.4457613,-5.3987026,0.82246894,-4.643483,-2.6719322,-4.767189,-1.8664708,-0.2429204,-2.690255,-3.5902443,-2.5700998,-3.5211189,5.84995,6.8748274,6.0369024,7.0551977,5.446138
1526,14,14,0.0928815,1.5205289,-5.421729,0.70688033,-4.813013,-2.9005048,-4.63408,-1.8050742,-0.55180013,-2.5650082,-3.6789112,-2.4205687,-3.0401587,6.239685,6.6481075,6.056438,6.961912,5.675288
1527,14,15,0.0015921742,1.5814738,-5.417578,0.8879062,-4.7692413,-3.1473656,-4.5217066,-1.7892706,-0.65649796,-2.5620866,-3.7164774,-2.5282145,-2.8948417,6.546051,6.0007257,6.5222683,5.913168,6.5525556
1528,14,11,0.0114706755,1.598381,-5.4153986,1.759316,-4.5392656,-2.9061673,-4.3694897,-1.5177162,-0.54521096,-2.7223349,-4.0059423,-2.909989,-3.0834858,6.289121,5.834206,6.075347,5.6071525,6.243168
1529,14,11,0.04501997,1.6114366,-5.409293,2.8255742,-4.1127667,-2.5852172,-4.193928,-1.1320992,-0.37567306,-3.0100236,-4.265187,-3.2753024,-3.5333738,5.9905214,5.51845,5.7263713,4.9570527,5.8121233
1530,14,11,0.13497894,1.5591055,-5.42244,2.3781497,-4.2642493,-2.864801,-4.269192,-1.2777998,-0.5822226,-2.9095926,-4.2209005,-2.996837,-3.1416044,6.467891,5.6598396,5.9832687,5.289591,5.6859536
1531,14,11,0.08053534,1.5802002,-5.439521,0.803568,-4.772087,-3.2084346,-4.486491,-1.7254082,-0.8743961,-2.5573926,-3.7850919,-2.3170137,-2.5960824,6.7388535,6.168577,6.266595,6.4225054,5.9311457
1532,14,14,0.09086062,1.5620043,-5.425149,0.4825033,-4.8069477,-3.1102903,-4.6625476,-1.884287,-0.70155483,-2.5846622,-3.6176436,-2.2896862,-2.8568492,6.5494576,6.555163,6.369649,6.9136634,5.832929
1533,14,11,0.013378754,1.5766203,-5.4100227,1.4033709,-4.463088,-2.88521,-4.568178,-1.688519,-0.4787856,-2.816283,-3.8732834,-2.6877131,-3.2589164,6.4262314,6.370505,6.201087,6.347808,5.443453
1534,14,11,0.047513187,1.5830508,-5.409856,1.8348536,-4.3303623,-2.8139203,-4.476843,-1.54072,-0.44788563,-2.8888705,-4.0066257,-2.8568573,-3.32081,6.3750534,6.186229,6.0408783,6.025894,5.3527784
1535,14,14,0.07799916,1.5546796,-5.43104,0.6343148,-4.826667,-3.1259272,-4.64766,-1.7643969,-0.677624,-2.5678809,-3.70654,-2.2999198,-2.7786472,6.568484,6.481781,6.287032,6.8659267,5.698861
1536,14,14,0.10949528,1.5478729,-5.436414,0.7378085,-4.832681,-3.0604734,-4.611473,-1.693378,-0.6754615,-2.549743,-3.7563338,-2.33071,-2.7758808,6.4548135,6.445145,6.144224,6.870374,5.682399
1537,14,13,0.20530519,1.5205781,-5.399855,1.5969828,-4.3053093,-2.6968684,-4.422747,-1.3640958,-0.04802388,-2.8643608,-3.6417754,-2.7643821,-3.8192482,5.8687534,5.749892,6.68471,5.349651,5.931676
1538,14,13,0.31642103,1.3958296,-5.3856006,0.22097781,-4.6322484,-2.9488158,-4.740303,-1.8620133,0.053023845,-2.6786196,-3.1004481,-2.1814687,-3.8562922,5.9713936,6.443315,7.4958725,6.29092,5.8310156
1539,14,13,0.08242893,1.471673,-5.371839,-0.9614636,-5.0769424,-3.1722333,-5.075448,-2.450573,-0.23126644,-2.4395962,-2.845302,-1.7113243,-3.5064108,6.289284,7.2800984,7.58828,7.306467,6.0581503
1540,14,13,0.11583254,1.4876384,-5.35655,-1.7573059,-5.3160696,-3.2693498,-5.160019,-2.7133007,-0.27627754,-2.2466626,-2.5060031,-1.4747322,-3.4484286,6.2761908,7.418366,7.8245506,7.419602,6.710876
1541,14,14,0.023670554,1.3555712,-5.3348618,-2.7311206,-5.474389,-3.17512,-5.4523563,-2.9105856,-0.05861476,-2.1272016,-1.921383,-1.0150461,-3.6623046,5.8092003,8.110603,7.8556986,8.182178,6.4219637
1542,14,14,0.33890104,1.074432,-5.3036985,-4.312402,-5.5304213,-3.1740828,-5.6959825,-3.0375676,1.0494545,-1.911117,-0.43068776,-0.45145777,-4.568883,4.6684637,8.315521,8.030708,9.219513,5.8754444
1544,14,14,0.21801293,1.1071198,-5.2734933,-5.7294006,-5.9929805,-3.6088717,-5.917905,-3.2221227,1.0118556,-1.663285,0.34909052,0.39737022,-4.291339,5.2008038,8.736763,8.082693,9.283373,5.9072676
1545,14,12,0.27534997,1.126913,-5.243615,-6.314027,-6.267455,-3.6773634,-5.978819,-3.4886312,0.72052383,-1.52506,0.5793179,0.7099411,-4.203949,5.575657,9.2867,7.9314895,8.583603,6.402205
1546,14,14,0.4095226,0.74851537,-5.244478,-6.7988515,-5.9980197,-3.342028,-6.11884,-3.3815217,1.8258617,-1.2911822,1.6459346,0.4983089,-4.7827077,4.482714,9.00384,6.367648,9.905371,5.347536
1547,14,14,0.4314717,0.6721126,-5.248092,-6.9828086,-5.655326,-3.3613029,-6.25185,-3.0713358,2.3856525,-1.1740297,2.3912354,0.54778075,-4.968861,4.3469214,8.865712,5.0514245,9.802999,4.2639065
1548,14,14,0.32484305,0.7275674,-5.2222505,-7.823676,-5.943492,-3.6166964,-6.3131084,-3.220127,2.237771,-1.0408287,2.845907,1.0632755,-4.7035007,4.792424,9.003912,4.9274864,9.689293,4.47393
1549,14,14,0.20210916,0.81275034,-5.20867,-8.252021,-6.235895,-3.8404589,-6.273129,-3.3098311,1.9294565,-1.0017667,2.852744,1.4622337,-4.407931,5.297778,8.996641,5.2657704,9.418272,4.985058
1550,14,14,0.12375954,0.8422762,-5.2209554,-7.6912637,-6.279657,-3.6522403,-6.1730247,-3.4114428,1.572392,-1.2089349,2.1919408,1.2985036,-4.467431,5.106922,9.267762,6.0730844,9.525015,5.2976584
1551,14,12,0.21080464,0.8417265,-5.220331,-7.7311583,-6.3144603,-3.6691751,-6.131495,-3.458559,1.2653087,-1.2314703,2.1623333,1.4725171,-4.3890405,5.264392,9.547903,6.0876412,9.103205,5.3791137
1552,14,12,0.0102259815,0.8367944,-5.201947,-8.111481,-6.289552,-3.650971,-6.203043,-3.4932127,1.4880898,-1.136731,2.543456,1.3907127,-4.433292,5.1327543,9.41316,5.6366444,9.392111,5.462528
1553,14,14,0.3570194,0.7387443,-5.2292995,-7.642251,-5.955552,-3.5829463,-6.2349315,-3.2307525,1.9203436,-1.1238112,2.4466372,0.92980707,-4.621134,4.826073,8.978513,5.4903536,9.742895,4.9578743
1554,14,14,0.44708252,0.7441979,-5.2501307,-7.1111293,-5.9691386,-3.6187704,-6.1407394,-3.1636255,1.6927582,-1.2726244,1.8096334,0.84032685,-4.4838905,4.955697,8.802146,6.2905993,9.803844,5.156927
1555,14,12,0.14643273,1.1311219,-5.258023,-6.2045655,-6.101224,-3.6637723,-5.975019,-3.43976,0.62855756,-1.6178825,0.5002525,0.67148495,-4.177762,5.503594,9.258188,8.01665,8.899713,6.1721597
1556,14,14,0.1510191,1.1214762,-5.294331,-4.9883842,-5.72806,-3.310781,-5.817646,-3.321998,0.6993416,-1.8650268,-0.20645306,-0.0147589445,-4.410652,4.980208,8.905657,8.254693,9.284758,5.9018726
1557,14,14,0.27912045,1.1058277,-5.327718,-3.6981602,-5.3065214,-3.209884,-5.6515355,-2.9181995,0.61697567,-2.1660426,-0.9596936,-0.5419793,-4.3124795,5.033698,8.392805,8.156965,9.141979,5.49187
1558,14,14,0.27621603,1.1400651,-5.3401523,-2.9721088,-5.1122074,-3.1375043,-5.5173826,-2.6695147,0.65752554,-2.2803776,-1.3031461,-0.84970677,-4.3168526,5.062928,8.0380335,8.017124,8.818316,5.322962
1559,14,14,0.3334073,1.1177814,-5.3623576,-2.4152112,-4.845417,-3.0618446,-5.336812,-2.2463655,0.89318043,-2.3313565,-1.4112065,-1.0625403,-4.4006343,5.0002723,7.491162,7.583833,8.51254,4.9626913
1560,14,13,0.2640635,1.3131115,-5.3760095,-1.664292,-5.040648,-3.3731782,-5.1948986,-2.3822823,-0.103118,-2.4732485,-2.3761177,-1.3357825,-3.5855386,6.2646575,7.260629,8.260418,7.479172,5.8637133
1561,14,14,0.16856131,1.3274097,-5.4015203,-0.9531921,-4.9191165,-3.098941,-5.1726522,-2.2043765,-0.31358027,-2.5149956,-2.8562331,-1.5541385,-3.294157,6.1998405,7.4586916,7.0272617,7.9391956,5.235998
1562,14,14,0.16427031,1.2693393,-5.409931,-0.52655923,-4.8017445,-2.9004526,-5.0539045,-2.0528617,-0.2354064,-2.5257778,-3.0256467,-1.694107,-3.3982825,5.99295,7.4308853,6.6462955,7.8657436,4.8608546
1563,14,13,0.26720673,1.4431348,-5.387251,-1.9605899,-5.280359,-3.6700273,-5.1358376,-2.533691,-0.55898535,-2.2940626,-2.504961,-1.1863697,-3.0051608,6.897154,7.065352,8.158224,7.245961,6.638632
1564,14,13,0.42674798,1.2812841,-5.4175205,-2.2098582,-5.288426,-3.9083498,-5.0745335,-2.0867784,-0.39298934,-2.1486008,-2.244538,-0.93398094,-2.7591853,6.942721,6.252765,8.366825,6.7232847,6.8710346
1565,14,14,0.13143502,1.5453717,-5.409148,-2.1170428,-5.424573,-3.6131594,-5.0449996,-2.5001192,-0.9632651,-2.133292,-2.559766,-0.9991989,-2.507338,6.901146,7.228826,7.1694775,7.724515,6.677518
1566,14,14,0.12358965,1.5527978,-5.4000926,-2.120277,-5.4398737,-3.5410295,-5.0512495,-2.591641,-0.9137666,-2.148868,-2.5168555,-1.1415269,-2.6350365,6.77402,7.253824,7.139226,7.721506,6.9210963
1567,14,13,0.11902054,1.5710813,-5.391085,-2.4267113,-5.485276,-3.7786238,-5.1125035,-2.6976564,-0.860628,-2.1256332,-2.3821921,-0.97730726,-2.6470332,7.110733,7.0274434,7.784264,7.306176,7.262443
1568,14,13,0.00019749999,1.5279819,-5.3816156,-3.06368,-5.68557,-3.918255,-5.188693,-2.8751605,-0.9190791,-1.9347413,-2.0948818,-0.6788714,-2.521902,7.163049,6.929482,7.899416,7.1600523,7.898757
1569,14,13,0.018112212,1.54667,-5.3931856,-2.065234,-5.463725,-3.6299446,-5.0226398,-2.6723833,-0.77117944,-2.104466,-2.5002713,-1.2725087,-2.782236,6.8319063,6.832132,7.643269,7.0334754,7.580258
1570,14,15,0.12783027,1.5129845,-5.387747,-2.411016,-5.608152,-3.508031,-5.0328336,-2.7832365,-0.95964694,-1.9743843,-2.332575,-1.1827189,-2.634237,6.5779867,6.974142,6.982795,7.414494,7.850342
1571,14,15,0.16815104,1.4454879,-5.3663716,-2.7979903,-5.633547,-3.4200873,-5.149146,-2.9861522,-0.79822874,-1.9664035,-2.0607293,-1.2529573,-2.9090157,6.281858,7.203417,7.1747456,7.6497183,8.18677
1572,14,14,0.14747131,1.4283903,-5.36528,-2.2344613,-5.508274,-3.1530337,-5.184708,-2.817054,-0.6192472,-2.1274264,-2.2822983,-1.5233229,-3.1063585,5.9303474,7.600238,6.864746,8.073998,7.420205
1573,14,14,0.19334501,1.3148376,-5.390232,-2.0718713,-5.5011663,-3.0209796,-5.1272492,-2.5497274,-0.6387043,-2.0552819,-2.362706,-1.3972374,-2.9994717,5.732438,7.6541176,6.419464,8.186386,6.949291
1574,14,14,0.11250143,1.4552364,-5.355254,-2.161627,-5.483676,-3.1187618,-5.1957664,-2.8573556,-0.49600238,-2.1498463,-2.282422,-1.6314952,-3.2689326,5.845944,7.578729,7.0174255,7.960223,7.4911985
1575,14,15,0.072544485,1.3903365,-5.3350115,-3.096359,-5.7272916,-3.126792,-5.314954,-3.199751,-0.5093053,-1.9333375,-1.7865503,-1.3972098,-3.3149385,5.656149,7.7710385,7.0296,8.05892,8.282178
1576,14,15,0.17977698,1.4287766,-5.351459,-2.214732,-5.4869246,-3.103476,-5.1185617,-2.9244313,-0.39103317,-2.08579,-2.1868305,-1.7542044,-3.4635823,5.710232,7.2175107,7.289236,7.4921722,8.091492
1577,14,15,0.1114583,1.4817089,-5.3743343,-0.83210903,-5.1437035,-2.9485295,-4.865677,-2.4279857,-0.2527302,-2.3267083,-2.7795982,-2.2178328,-3.6038752,5.7308435,6.701132,7.1350813,6.7375493,7.504863
1578,14,15,0.2477078,1.410159,-5.355748,-2.6881979,-5.6919727,-3.4195023,-5.2323523,-2.9556675,-0.5246273,-1.9664593,-2.0734568,-1.3660526,-3.104512,6.134141,7.1419497,7.4901395,7.4449844,8.31905
1579,14,13,0.0135881305,1.4055117,-5.340655,-3.720844,-5.8355346,-3.4802,-5.349382,-3.0290217,-0.112301946,-1.8411798,-1.3841003,-0.8893784,-3.5151048,5.900362,7.281287,8.277905,7.5578723,8.237567
1580,14,15,0.20362075,1.403168,-5.2922277,-4.9967313,-6.1220517,-3.5548956,-5.6102486,-3.5183702,-0.404889,-1.6917908,-0.79518384,-0.4463684,-3.387526,6.035144,8.099141,7.9195437,7.9890947,8.785603
1581,14,12,0.164684,1.2969229,-5.327824,-4.783456,-6.0476627,-3.1542723,-5.5658646,-3.2112944,-0.54486775,-1.5947766,-0.770017,-0.38178834,-3.2706184,5.6453867,8.684912,6.737152,8.213213,7.9272785
1582,14,12,0.112737715,1.3912253,-5.3066816,-4.985622,-6.1149864,-3.3489583,-5.6130915,-3.4584858,-0.48901922,-1.638447,-0.7501559,-0.34971094,-3.3920689,5.937276,8.624419,7.3733106,8.1271305,8.267488
1588,14,15,0.41759264,1.2767494,-5.286121,-5.714194,-6.2533236,-3.9046772,-5.5696926,-3.4560468,-0.9433739,-1.4663754,-0.5003742,0.3102147,-2.7137532,6.7170377,7.686226,7.5722556,7.546651,9.065075
1589,14,15,0.09843144,1.4356523,-5.3113794,-5.1401415,-6.104592,-3.6132925,-5.5609255,-3.364603,-0.8284341,-1.6165843,-0.7674464,-0.07058346,-2.9397411,6.361652,8.174511,7.3381987,7.983003,8.492016
1590,14,12,0.024066448,1.4457617,-5.305068,-4.767134,-6.0064154,-3.3984087,-5.59614,-3.5053096,-0.41659647,-1.7548143,-0.89313173,-0.5201779,-3.4792926,5.9136567,8.398786,7.776943,8.167814,8.31514
1591,14,15,0.009983003,1.3976934,-5.3066587,-4.760743,-6.049693,-3.3116698,-5.6032314,-3.5199575,-0.47608307,-1.7104737,-0.8814274,-0.58841956,-3.4272304,5.8192434,8.462473,7.430611,8.181651,8.494065
1592,14,12,0.00029993057,1.4195194,-5.318228,-4.568552,-6.008757,-3.3820772,-5.561748,-3.3773987,-0.6123345,-1.7372019,-1.0340629,-0.529938,-3.220397,5.9921985,8.337451,7.3372025,8.1989565,8.336451
1593,14,14,0.045457065,1.4277794,-5.328147,-3.369624,-5.6764865,-3.1331763,-5.4186096,-3.2500637,-0.34243053,-2.0210607,-1.6012876,-1.2175779,-3.5883312,5.6158013,8.126852,7.5347924,8.275181,7.802189
1594,14,15,0.119681984,1.398531,-5.3307457,-3.4060538,-5.7233963,-3.2410889,-5.3348856,-3.1322603,-0.12526566,-1.909507,-1.4982272,-1.2422345,-3.682314,5.5332794,7.395626,8.005276,7.691937,8.381475
1595,14,14,0.0026549995,1.4207464,-5.3763957,-2.5869179,-5.1143637,-2.8907666,-5.0380235,-2.0450544,0.75803024,-2.0195441,-1.3780069,-1.4802989,-4.203735,4.878047,6.4832244,7.3681526,7.3764844,6.930091
1596,14,15,0.15738684,1.3841647,-5.3404937,-3.5756402,-5.8098154,-3.5049326,-5.390512,-3.1675057,-0.38979685,-1.8693756,-1.571352,-1.0079919,-3.305604,6.0169973,7.323972,8.076261,7.6129494,8.54816
1597,14,15,0.094576955,1.4235126,-5.332884,-3.8875506,-5.9120083,-3.4005957,-5.409162,-3.237458,-0.70494664,-1.7669098,-1.4674022,-0.76668906,-3.0138402,6.0856304,7.88465,7.1736264,8.050189,8.354437
1598,14,14,0.061287194,1.4090381,-5.334437,-2.5720758,-5.4933815,-3.087348,-5.3564415,-3.0117056,-0.24662924,-2.146306,-2.02972,-1.3952128,-3.5847538,5.7115355,7.979693,7.454911,8.165153,7.1249537
1599,14,14,0.009170741,1.44243,-5.3163767,-3.1013825,-5.6080427,-3.16318,-5.4104977,-3.1895657,-0.15349174,-2.0731163,-1.722507,-1.2107284,-3.7189226,5.672076,8.068909,7.866231,8.100147,7.4155717
1600,14,14,0.039028913,1.4183328,-5.3317146,-3.1607952,-5.6597815,-3.1339087,-5.3959,-3.1843328,-0.3729223,-2.0082362,-1.7378719,-1.2559927,-3.4914656,5.6966605,8.111671,7.343792,8.233343,7.6526165
1601,14,14,0.0050453246,1.4454422,-5.348076,-3.0224276,-5.7092237,-3.2847054,-5.286105,-3.081101,-0.6521745,-1.9388125,-1.9079251,-1.2152429,-3.0867202,5.993636,7.6592107,7.1170692,8.046843,8.030638
1602,14,15,0.0025304854,1.4808418,-5.3621035,-2.132727,-5.5497437,-3.1703532,-5.097414,-2.8667183,-0.59865206,-2.0477095,-2.34427,-1.6015866,-3.1491241,5.9988337,7.3700247,6.959897,7.725752,7.7341995
1603,14,13,0.014405459,1.523112,-5.3653846,-0.25083235,-4.954489,-2.7290838,-4.715845,-2.3215575,-0.100736976,-2.4285088,-2.953518,-2.3948336,-3.9314356,5.616127,6.722565,7.0468435,6.471594,6.9954653
1604,14,15,0.091224134,1.4427252,-5.3511534,-1.8138756,-5.401331,-3.0112154,-5.004531,-2.8235612,-0.17211038,-2.1376128,-2.3046782,-1.8510644,-3.743311,5.6352005,7.0611024,7.571499,7.067576,7.8613443
1605,14,15,0.2128685,1.3332961,-5.3312798,-3.3751354,-5.840366,-3.2058568,-5.3263526,-3.2787778,-0.5578192,-1.8187431,-1.6728363,-1.2442425,-3.2175047,5.7407312,7.6943736,7.0292435,7.9600334,8.593618
1606,14,15,0.2478653,1.3721803,-5.343695,-2.5909345,-5.682384,-3.227228,-5.206457,-3.052422,-0.46170253,-1.9625288,-2.0725162,-1.5526088,-3.2479982,5.840206,7.298365,7.1944723,7.5969353,8.3767395
1607,14,14,0.022052348,1.4453341,-5.3546677,-2.652891,-5.655142,-3.2380292,-5.24662,-2.965724,-0.630815,-1.9899681,-2.0923305,-1.3724496,-3.0608046,5.96485,7.549795,6.9761186,7.98166,7.911305
1608,14,14,0.110513255,1.5076561,-5.379925,-1.7703351,-5.441702,-3.236155,-5.0590787,-2.6746554,-0.68597025,-2.1469135,-2.5674593,-1.6123177,-2.9612823,6.187498,7.2733383,6.876191,7.7210026,7.325116
1609,14,15,0.06666419,1.4659305,-5.412445,-0.3652036,-5.0628057,-3.2210414,-4.6482277,-2.2092266,-0.5804205,-2.3128488,-3.1331706,-2.0964181,-3.0915976,6.3911853,6.15628,7.195984,6.0857124,7.3978386
1610,14,15,0.1133766,1.4845382,-5.4223065,0.012115419,-5.009759,-3.28528,-4.5082865,-2.0868974,-0.8172677,-2.306866,-3.3673692,-2.136239,-2.781907,6.645872,5.9279795,6.8657637,5.8484797,7.240729
1611,14,14,0.006105751,1.6082743,-5.4261227,0.5797888,-4.928467,-3.0638158,-4.439122,-1.8763709,-0.8382349,-2.4336395,-3.658405,-2.3606706,-2.7397046,6.443998,6.275692,6.100277,6.471156,6.3637114
1612,14,11,0.021080732,1.5836856,-5.432206,0.965042,-4.82131,-3.117056,-4.3465834,-1.7330422,-0.879419,-2.4729679,-3.8026996,-2.4748065,-2.6447186,6.542554,5.9015236,6.085163,5.9527903,6.46266
1613,14,11,0.093160406,1.5349902,-5.4590054,1.3106225,-4.7422585,-3.100766,-4.178257,-1.3262267,-1.0054531,-2.4856174,-4.092234,-2.3129845,-2.2917466,6.5776563,5.890235,5.5814147,6.259142,5.444623
1614,14,14,0.027227849,1.5315894,-5.4655895,0.30863097,-4.992754,-3.2532492,-4.3089266,-1.5430379,-1.1028105,-2.2668092,-3.7549694,-1.768106,-2.1374464,6.635498,6.146445,5.877201,6.7275934,5.618745
1615,14,11,0.072350904,1.5811586,-5.4420066,-0.22369865,-5.2147064,-3.376398,-4.4207754,-2.0251677,-1.1191146,-2.155313,-3.4536173,-1.7188376,-2.2762387,6.8692307,6.1510797,6.289099,6.406982,6.583905
1616,14,11,0.014686078,1.5357584,-5.434516,0.108769566,-5.1441774,-3.3477309,-4.361261,-2.0280776,-1.0552981,-2.2045527,-3.5403361,-1.9543141,-2.3844137,6.879228,5.9234276,6.3545017,5.9646745,6.829086
1617,14,15,0.08963446,1.5801558,-5.4241786,-1.2836468,-5.4827385,-3.4161277,-4.5984764,-2.4090157,-1.113633,-1.971317,-2.9640381,-1.3493813,-2.387131,6.747797,6.527232,6.488366,6.8041925,7.1664424
1618,14,15,0.02866149,1.5736175,-5.409323,-2.8869636,-5.7786865,-3.6002073,-4.853587,-2.6248224,-1.2350756,-1.6496079,-2.2465427,-0.32620788,-2.2141125,6.711787,6.92472,6.7798347,7.289798,7.3975773
1619,14,15,0.46937287,1.1605195,-5.3270125,-4.879697,-6.174525,-4.0758314,-5.3048677,-3.3173454,-1.2746173,-1.3395343,-1.1704817,0.55238926,-2.0927377,7.1635947,6.5389585,7.5602665,6.7607484,8.966738
1625,14,15,0.22947341,1.1774668,-5.225151,-7.3018007,-6.610898,-3.8411567,-5.6305227,-3.6915133,-0.59074855,-1.0634998,0.820297,0.90265703,-3.0823283,6.6601105,8.462179,6.7737646,6.8132224,9.02602
1626,14,15,0.42755044,1.0455186,-5.223161,-7.444785,-6.571063,-3.872861,-5.6205673,-3.635397,-0.7512882,-1.0223337,0.9408416,1.0010135,-2.868029,6.6815467,8.157667,6.487578,6.6789136,9.248444
1628,14,15,0.19254613,1.317755,-5.256196,-6.871788,-6.5057206,-3.6557372,-5.6693826,-3.2695382,0.48703608,-1.0822991,0.8844354,0.3022226,-3.6659505,5.6064606,7.460685,7.2335315,8.105318,8.648701
1632,14,15,0.31848624,1.2497236,-5.267443,-5.885264,-6.340904,-3.635471,-5.6103115,-3.6695914,-0.6840387,-1.4120333,-0.27903107,0.07229626,-3.1575317,6.318717,8.269236,7.423735,7.640506,9.165841
1633,14,15,0.31377602,1.2079262,-5.271515,-6.1066947,-6.367395,-3.6203203,-5.587462,-3.5611017,-0.8035192,-1.2934554,-0.07031546,0.30050015,-2.9699907,6.317439,8.232297,6.9175177,7.455928,9.071887
1636,14,15,0.46104947,1.1888914,-5.2772837,-5.951783,-6.400793,-4.1319456,-5.5289545,-3.50923,-1.0363815,-1.269611,-0.4530686,0.75540274,-2.467824,7.108245,7.3302383,7.788005,6.9837418,9.191564
1638,14,15,0.40631413,1.0794909,-5.340349,-4.2907925,-6.0950747,-3.7339306,-5.276391,-3.287164,-0.49686563,-1.544256,-1.227555,-0.48443067,-3.0398521,6.348768,6.7779408,8.195625,6.9921937,9.242357
1639,14,15,0.46975434,1.0796647,-5.328396,-4.3386855,-6.131676,-3.746963,-5.3195033,-3.4363067,-0.62469465,-1.5540855,-1.2775924,-0.49066252,-2.965151,6.4550037,7.0300956,8.027135,7.1250725,9.31983
1641,15,15,0.4014095,1.2759683,-5.3395586,-4.224155,-6.073262,-3.879674,-5.3387074,-3.3341775,-0.95725524,-1.6265333,-1.4574206,-0.3094564,-2.5687628,6.8549786,7.131221,7.65724,7.299615,8.912176
1642,15,14,0.050388157,1.4932708,-5.371607,-3.1444614,-5.8066444,-3.3874762,-5.1749134,-2.8661013,-0.829303,-1.8009319,-1.9404957,-0.7269665,-2.8102095,6.3223553,7.712338,6.944857,7.8851123,7.538459
1643,15,14,0.08817865,1.5267987,-5.388752,-2.3340673,-5.634514,-3.3765357,-5.0496845,-2.719554,-0.8340357,-1.9754026,-2.3859904,-1.1207159,-2.7913284,6.463153,7.446328,6.948808,7.7599745,7.2559495
1644,15,15,0.13977173,1.5277588,-5.3932757,-2.5034232,-5.6905355,-3.5687807,-4.978327,-2.7817197,-1.0581445,-1.8859268,-2.355315,-0.9701457,-2.490478,6.7125216,6.936812,6.945956,7.3127146,7.806448
1645,15,15,0.049234778,1.5467556,-5.4131355,-1.9102979,-5.586627,-3.4039266,-4.766227,-2.5118203,-1.0967486,-1.8830823,-2.6414132,-1.1434183,-2.4126873,6.537564,6.750437,6.5002346,7.2088337,7.381374
1646,15,15,0.2068606,1.4875231,-5.4190273,-0.36914748,-5.177763,-3.2672744,-4.550441,-2.2117388,-0.88192564,-2.1800265,-3.2315893,-2.0245512,-2.7154703,6.5592794,6.0864396,6.6755867,6.172715,7.3967237
1647,15,15,0.25137675,1.3751736,-5.418504,-0.3642333,-5.178918,-3.3799286,-4.573971,-2.1515791,-0.85830283,-2.1513066,-3.2060747,-1.9651662,-2.6133456,6.64158,5.7512927,6.8491516,5.784614,7.6251807
1648,15,15,0.21440536,1.5140396,-5.397537,-2.0435598,-5.6106224,-3.5883343,-4.905795,-2.6921198,-1.0172409,-1.9292128,-2.5684648,-1.1904252,-2.4778912,6.796019,6.6730866,6.9856873,6.982601,7.793792
1649,15,15,0.024941057,1.5307336,-5.387744,-2.7236774,-5.7649226,-3.4757466,-5.0511494,-2.7826736,-0.96613634,-1.8147025,-2.2259111,-0.8456361,-2.5815911,6.504658,7.251295,6.890912,7.584771,7.6718354
1650,15,15,0.069124684,1.539413,-5.381957,-2.7254403,-5.8087068,-3.5025918,-5.0867887,-2.8339596,-0.8780143,-1.8108006,-2.225619,-0.88820314,-2.664047,6.5655155,7.3065877,7.0243177,7.5018234,7.7524548
1651,15,15,0.14928408,1.5215336,-5.3571672,-3.4933333,-5.933152,-3.7585144,-5.2679954,-3.0790563,-0.83696735,-1.7602303,-1.8586433,-0.56856763,-2.6761346,6.842705,7.3828754,7.6200852,7.4336257,8.159963
1652,15,15,0.08862007,1.4790158,-5.3456388,-4.008045,-5.9922895,-3.9665742,-5.3689384,-3.1811285,-0.8015541,-1.7277036,-1.6107496,-0.309868,-2.662479,7.033104,7.3314695,8.100102,7.333996,8.376415
1653,15,13,0.17621633,1.3353148,-5.3581247,-4.0135083,-5.9402823,-3.882039,-5.3204107,-2.8991575,-0.2763868,-1.720286,-1.3683908,-0.3825223,-3.0830946,6.585495,6.93813,8.626102,7.172308,8.145054
1654,15,13,0.13068467,1.3807228,-5.338588,-4.1010914,-5.985955,-3.6959004,-5.3498373,-3.123394,-0.19178784,-1.7271099,-1.2920265,-0.51237667,-3.366134,6.295769,7.34552,8.574441,7.3979483,8.199745
1655,15,15,0.20838113,1.4238131,-5.29799,-5.159055,-6.224731,-3.7865953,-5.5537534,-3.4872289,-0.57596546,-1.5523069,-0.8383999,-0.068246245,-3.1079793,6.551135,7.9657516,8.058657,7.639367,8.750759
1656,15,15,0.1981361,1.4027593,-5.245164,-6.4204597,-6.4382677,-4.045666,-5.6738386,-3.5696611,-0.4232687,-1.3608017,0.005357638,0.5806914,-3.152723,6.7438974,8.066286,8.204464,7.331571,8.830523
1657,15,15,0.027131945,1.4050807,-5.2159786,-6.8134303,-6.5292487,-3.8097312,-5.7014112,-3.7741718,-0.100091755,-1.2952224,0.44625,0.5495332,-3.672791,6.271533,8.591168,8.140755,7.522731,8.673576
1658,15,12,0.053829104,1.3658687,-5.187417,-7.433386,-6.692033,-3.8292282,-5.8038116,-3.7758155,0.17274994,-1.1782304,1.0445534,0.7719959,-3.805384,6.1625185,8.720898,7.7038865,7.522417,8.570015
1659,15,12,0.22045809,1.2148799,-5.1844845,-7.4546943,-6.6211967,-3.7232182,-5.7990913,-3.8743687,-0.03524381,-1.1823585,1.0612627,0.7333063,-3.764186,6.199043,9.133201,7.333975,7.2710943,8.572935
1660,15,15,0.24156344,1.0930905,-5.192952,-7.8506613,-6.6971664,-3.8446581,-5.6974945,-3.848647,-0.3869313,-0.9726155,1.3243146,0.9529401,-3.3018072,6.6004095,8.618994,6.591702,6.6117344,9.1868515
1661,15,15,0.33911416,1.1070979,-5.1415215,-8.542849,-7.017954,-3.9100564,-5.7924123,-3.877297,0.3867135,-0.78809893,2.0760243,1.1854743,-3.7059643,6.360141,8.258231,6.527231,6.8824806,9.102129
1662,15,15,0.2743339,1.1131773,-5.146645,-8.268678,-6.9616303,-3.8113809,-5.7727385,-3.9552794,0.26501927,-0.89865255,1.8060116,0.97348297,-3.7985382,6.2256994,8.522072,6.773836,6.9660687,9.185012
1663,15,12,0.0348517,1.3708001,-5.184308,-8.029626,-6.8460894,-3.7259278,-5.824641,-3.685526,0.8458332,-0.84882563,1.8607985,0.90019906,-4.0334105,5.8134217,8.327903,6.7699127,7.8942575,8.223547
1664,15,12,0.067043394,1.379579,-5.1707535,-8.484387,-6.9265594,-3.9244576,-5.8458786,-3.6261973,0.8120364,-0.7555826,2.1930513,1.3175322,-3.8496928,6.207258,8.274172,6.468679,7.5882506,8.080787
1665,15,15,0.4027856,1.1037362,-5.145287,-8.86268,-7.0290365,-4.3469515,-5.7194514,-3.707072,0.005539149,-0.7540169,2.1732981,1.8862302,-3.146377,7.261274,7.9464607,6.2803497,5.9154415,9.014196
1666,15,15,0.27639735,1.1595589,-5.1436024,-8.695794,-7.0049753,-4.1959753,-5.7329516,-3.809961,0.07960445,-0.8077185,2.0460777,1.6283842,-3.3997037,7.0001903,8.272207,6.5562487,6.2172227,8.96035
1667,15,15,0.121888995,1.2436435,-5.165983,-8.400602,-6.89263,-4.2089815,-5.712672,-3.726495,-0.08764434,-0.8756782,1.7355299,1.585448,-3.2828503,7.1202602,8.439751,6.7251363,6.214346,8.743596
1668,15,12,0.35412863,1.1641649,-5.1533084,-8.497346,-6.9052515,-4.04729,-5.801976,-3.839563,0.39653403,-0.8937387,2.047162,1.5770884,-3.8004804,6.6097016,8.984411,6.6663876,6.804287,8.060204
1669,15,12,0.2684342,1.2486534,-5.1506534,-8.852759,-6.9115124,-3.8144023,-5.938168,-3.733948,1.1072122,-0.6938934,2.7189283,1.3095384,-4.0743537,5.9239435,8.573698,5.75245,7.7126417,7.7946377
1670,15,15,0.14554086,1.1688124,-5.142153,-8.48435,-6.9212627,-3.9271526,-5.7994666,-3.8771417,0.24476182,-0.88613003,1.9895867,1.2095824,-3.7095308,6.4326735,8.573521,6.619954,6.7768316,8.919577
1671,15,12,0.26083845,1.2299588,-5.201199,-7.3668623,-6.5933857,-3.8145857,-5.784402,-3.7107813,-0.08367917,-1.1681085,0.9992582,0.8643962,-3.5823689,6.412721,9.034201,7.241087,7.108054,8.353915
1672,15,15,0.019506693,1.491189,-5.227805,-7.09365,-6.6111526,-3.9851105,-5.8277197,-3.3477027,0.4596352,-1.2109425,0.88416636,0.76453197,-3.644896,6.1177115,8.063852,7.895018,7.87543,8.13706
1673,15,14,0.39697608,1.0056555,-5.279636,-6.485796,-5.977879,-3.562468,-5.8733797,-2.8813372,1.7339075,-1.1243418,1.3379414,0.32473662,-4.4264646,5.049965,7.9023013,6.704704,8.87805,5.9877353
1674,15,14,0.14553836,1.163464,-5.27843,-5.8576517,-6.1070404,-3.5889494,-5.7763186,-3.297606,0.9918996,-1.5289116,0.39489996,0.48860466,-4.2949,5.3592057,8.679656,8.044055,9.050581,6.01667
1675,15,13,0.15216699,1.3040633,-5.2832685,-5.821822,-6.2159624,-4.081824,-5.7623873,-3.2651348,0.10328576,-1.615772,-0.20290318,0.74682844,-3.5523863,6.5637174,8.547852,8.966973,8.025249,6.7727637
1676,15,13,0.12212002,1.2919124,-5.302434,-4.870077,-5.9912753,-3.7274532,-5.658198,-3.304286,0.08759943,-1.7986887,-0.75971866,0.14175731,-3.7508678,6.173222,8.564549,8.905386,8.167927,6.6990666
1677,15,12,0.166053,1.293494,-5.318755,-4.7914953,-5.9002457,-3.575315,-5.6689167,-3.2182357,-0.011333257,-1.7652365,-0.78378785,0.15361625,-3.6636329,6.142153,8.783027,8.292858,8.195055,6.415737
1678,15,13,0.35106903,1.2908725,-5.3184195,-4.615931,-5.9605575,-3.8373315,-5.549413,-3.1330585,-0.014508009,-1.803524,-0.96091974,-0.06485617,-3.4943786,6.378852,7.8844147,8.991315,7.877405,7.2441516
1679,15,13,0.26229346,1.3142285,-5.3763103,-3.2570071,-5.709468,-3.717998,-5.221139,-2.6443527,-0.10669321,-1.8650804,-1.6665416,-0.7684677,-3.2259521,6.346663,6.7312684,8.513167,7.058818,7.7729816
1680,15,15,0.09879607,1.3521003,-5.363938,-3.2738788,-5.805154,-3.726682,-5.222892,-3.0169268,-0.5394931,-1.8219622,-1.8338163,-0.85315865,-2.9925482,6.55407,6.881128,8.1882305,7.039929,8.45453
1681,15,15,0.3133983,1.3725129,-5.3498063,-3.750536,-5.9563494,-3.6186442,-5.2745333,-3.232683,-0.86514854,-1.729616,-1.650276,-0.6704756,-2.7770357,6.5115643,7.3562865,7.3618264,7.5876083,8.615526
1682,15,15,0.43421718,1.2512243,-5.3306265,-4.3514304,-6.1005173,-3.6801257,-5.358705,-3.4110746,-0.85927725,-1.6087202,-1.3227854,-0.42820817,-2.8006134,6.5045357,7.4041076,7.492753,7.565972,8.993205
1683,15,15,0.4021346,1.2453809,-5.3125963,-4.839417,-6.2228384,-3.5756772,-5.4494925,-3.4621427,-0.80171806,-1.4973805,-0.97353077,-0.22571853,-2.904162,6.329703,7.7710514,7.2523394,7.6536303,9.024797
1684,15,15,0.22965617,1.2833612,-5.320376,-4.616065,-6.191182,-3.2539418,-5.4079685,-3.4103904,-0.7094351,-1.5096824,-0.9714355,-0.49095058,-3.122515,5.8665953,8.125374,6.7715893,7.8486576,8.783206
1685,15,15,0.43197024,1.124298,-5.304639,-4.895134,-6.2759004,-3.3094256,-5.449401,-3.571962,-0.73476875,-1.4524584,-0.820322,-0.46332303,-3.1214492,5.907442,8.01383,6.8453484,7.7540164,9.248374
1690,15,15,0.42123508,1.1675668,-5.257416,-5.71947,-6.4572654,-3.740152,-5.574419,-3.6775222,-0.23771203,-1.4227353,-0.35667002,-0.05997151,-3.427731,6.1785574,7.7873874,8.168028,7.444345,9.393601
1691,15,15,0.41377717,1.1984749,-5.2677255,-5.5615835,-6.385268,-3.798586,-5.584722,-3.6340685,-0.42032033,-1.4744809,-0.52728146,-0.06707132,-3.23991,6.3453197,7.8066893,8.105425,7.470461,9.338349
1695,15,15,0.39880985,1.3017135,-5.334285,-4.5463448,-6.227565,-3.7825265,-5.3272624,-3.3747118,-0.95911646,-1.476403,-1.2804089,-0.06360251,-2.663332,6.7528596,7.4110365,7.5770497,7.3455534,8.887145
1696,15,15,0.22320928,1.4995654,-5.3676143,-4.065974,-6.062237,-3.7714195,-5.1351237,-3.026421,-1.174454,-1.4987224,-1.6009966,0.08655763,-2.3528366,6.843872,7.2194,7.2204165,7.3205857,8.141742
1697,15,15,0.37190682,1.343334,-5.3513203,-4.6022687,-6.097884,-3.9294105,-5.206645,-3.0953803,-1.3240823,-1.3646543,-1.3145473,0.49155158,-2.0906298,6.9759836,6.7285666,7.270627,7.0000215,8.500976
1700,15,15,0.46477228,1.2285342,-5.3729143,-2.9522047,-5.8708715,-3.5352747,-4.982457,-2.9761364,-1.0900886,-1.6708567,-2.0745113,-0.83488756,-2.448811,6.551567,6.5921173,6.7903023,7.0198,8.532269
1701,15,15,0.33968735,1.3837126,-5.380207,-2.78318,-5.817979,-3.569705,-5.000822,-2.9285011,-1.0420889,-1.7752297,-2.1892009,-0.9203481,-2.5274084,6.670109,6.8117924,6.941144,7.133131,8.280785
1702,15,15,0.2959255,1.3275045,-5.351508,-3.036986,-5.8646765,-3.319112,-5.158531,-3.1466699,-0.74036264,-1.8225226,-1.9312758,-1.2051519,-2.9969933,6.09334,7.365936,6.952053,7.642892,8.542801
1703,15,15,0.39102274,1.2494351,-5.3229485,-3.7251282,-5.967878,-3.396214,-5.3299193,-3.3811355,-0.55126745,-1.7681576,-1.5267208,-1.0490758,-3.2082915,5.9708667,7.5239353,7.4283466,7.723016,8.946897
1704,15,15,0.3197049,1.2652496,-5.3143277,-4.636334,-6.178056,-3.4073155,-5.4755383,-3.4216483,-0.7485734,-1.5856321,-1.0119026,-0.49591905,-3.0206876,6.046798,7.9781804,6.9751596,7.878514,8.936012
1705,15,15,0.3410783,1.2339728,-5.2982736,-5.1505256,-6.2400303,-3.4610763,-5.530733,-3.5344021,-0.76755524,-1.5012512,-0.7065159,-0.27738702,-3.0562959,6.1029024,8.094776,7.0730443,7.823784,9.083314
1706,15,15,0.054008514,1.4075723,-5.294121,-5.0738115,-6.200634,-3.5523498,-5.491646,-3.4808197,-0.07494348,-1.5822837,-0.65010464,-0.32284233,-3.6698954,5.886001,7.8289123,8.430527,7.797469,8.59629
1707,15,15,0.042863756,1.4368653,-5.2610884,-5.9163294,-6.398309,-3.5730593,-5.5787787,-3.667542,0.057980537,-1.4412861,-0.08634812,0.04859793,-3.855313,5.8669443,8.331922,8.355112,7.839366,8.506817
1712,15,15,0.2508948,1.2717779,-5.1738124,-8.900247,-7.0669565,-4.743499,-5.622656,-3.4303358,-0.053939015,-0.6505561,2.0968823,2.6284747,-2.6885872,7.8374834,7.2237096,6.5563717,5.647781,8.522991
1713,15,15,0.3274274,1.0410991,-5.1740427,-9.061215,-6.9882116,-4.9421315,-5.5495176,-3.3594432,-0.46192652,-0.5108889,2.1462739,3.086389,-2.1260397,8.073809,6.5355577,6.3180084,4.864666,8.856253
1723,15,15,0.39679644,1.2090368,-5.279831,-4.634536,-6.0870004,-3.0406704,-5.465627,-3.5706196,0.24220335,-1.6060989,-0.6124282,-1.0747092,-4.1411314,4.8759503,7.711207,7.8557653,7.886348,9.150131
1724,15,15,0.11988501,1.3949325,-5.2932787,-3.5422003,-5.708993,-2.8033364,-5.3956146,-3.326047,0.34603655,-1.902331,-1.1296842,-1.4835632,-4.3629613,4.603985,7.7698236,7.82471,7.944645,8.358442
1725,15,12,0.033718288,1.3369275,-5.300152,-2.307604,-5.2679687,-2.608046,-5.382046,-3.1372142,0.27236018,-2.2677984,-1.7922349,-1.7709565,-4.478433,4.7093062,8.194867,7.5001807,8.098197,6.9724
1726,15,14,0.11311388,1.3214002,-5.3467836,-1.5101497,-5.1235533,-2.8509777,-5.31828,-2.662972,-0.097206175,-2.389193,-2.4632878,-1.7885084,-3.7404747,5.507847,7.7783084,7.0584755,8.086508,6.348997
1727,15,14,0.09748712,1.4630494,-5.372716,-0.23756021,-4.870091,-2.8597567,-5.0591908,-2.2225952,-0.19504178,-2.584887,-3.0963888,-2.322637,-3.5370913,5.772908,7.1087227,6.6391788,7.4134865,6.213908
1728,15,12,0.06449102,1.5959206,-5.3721056,1.6683692,-4.2868857,-2.5298984,-4.6311197,-1.6602966,-0.10168302,-2.9279554,-3.7644062,-3.024,-3.8639636,5.670143,6.3565397,6.0777473,6.0950284,5.715275
1729,15,12,0.060780987,1.6533439,-5.385335,2.986934,-3.9072168,-2.3233576,-4.314123,-1.192436,-0.19882727,-3.1325545,-4.248553,-3.4619656,-3.853846,5.5833282,5.8380303,5.3451567,5.3592634,5.379252
1730,15,11,0.11971539,1.6741712,-5.4166536,4.895334,-3.4612622,-2.3530269,-3.8648562,-0.2484889,-0.4022466,-3.4996796,-4.9418054,-3.9545202,-3.529646,5.649187,4.655517,4.7556925,3.8017466,5.1951127
1731,15,1,0.10790953,1.3772388,-5.4295907,6.1496396,-3.1892364,-2.3789117,-3.6162193,0.21462953,-0.61593455,-3.7038872,-5.454604,-4.186325,-3.215478,5.8682566,4.2961054,4.103353,3.3388464,4.364146
1732,15,11,0.25874954,1.5319366,-5.4409475,4.3973546,-3.763218,-2.4761019,-3.8332841,-0.3495283,-0.69484496,-3.2069654,-5.083379,-3.586371,-2.8488145,6.0977516,5.2252574,4.2293243,5.073461,4.075787
1733,15,11,0.29643852,1.4928391,-5.4511204,2.6701393,-4.332916,-2.9163148,-4.0155787,-0.9902855,-0.90471256,-2.7916005,-4.4916162,-2.9834585,-2.5313697,6.5349364,5.4450164,5.241796,5.386964,5.2924128
1734,15,11,0.32165617,1.5044553,-5.447092,3.6597018,-4.037835,-2.704184,-3.840093,-0.6678368,-0.8519205,-2.9927812,-4.761839,-3.3838222,-2.7453742,6.312648,5.110977,4.8316364,4.7613654,5.15893
1735,15,11,0.24134883,1.5178282,-5.4523635,3.3070626,-4.161197,-2.674147,-3.8780615,-0.72771597,-0.8231809,-2.9084969,-4.731639,-3.231139,-2.6819222,6.26382,5.4295106,4.69915,5.398371,4.7764263
1736,15,11,0.1607419,1.5479262,-5.45639,0.7702167,-4.88245,-3.2266536,-4.2284145,-1.5860562,-1.1132472,-2.3521543,-3.853141,-2.1299334,-2.2500775,6.761239,5.885016,5.862712,6.1605415,5.925958
1737,15,15,0.37775153,1.3571992,-5.3978844,-2.1911328,-5.616373,-3.5164092,-4.7614303,-2.6767435,-1.1841238,-1.7543724,-2.4701746,-1.043214,-2.2782211,6.6949387,6.205401,6.5948777,6.670111,8.010979
1738,15,15,0.42670363,1.2459538,-5.3648167,-4.089404,-6.028858,-3.5491526,-5.0366006,-3.0658498,-1.2584066,-1.3953731,-1.486256,-0.036676645,-2.3127813,6.4288588,6.826641,6.6793194,7.211938,8.539824
1739,15,15,0.41701257,1.2540234,-5.3466573,-4.3659534,-6.131385,-3.5604265,-5.1789246,-3.2322838,-1.15381,-1.4497085,-1.3103337,-0.099048674,-2.5310798,6.451254,7.244358,6.876121,7.4223638,8.734793
1748,15,15,0.4029593,0.985448,-5.1051826,-10.199328,-7.14661,-4.466463,-5.4322395,-3.7318397,0.06269868,-0.121613294,3.7775142,3.041676,-2.6479297,7.6591306,6.915777,4.1929245,4.252662,8.665443
1749,15,15,0.38966894,1.0437276,-5.1027026,-10.091713,-7.1404,-4.408108,-5.4806433,-3.768122,0.12419209,-0.20667696,3.6515195,2.85175,-2.8330648,7.6040106,7.220621,4.436383,4.511006,8.628732
1750,15,15,0.36552387,1.0959713,-5.097848,-9.981085,-7.20202,-4.2630463,-5.543032,-3.903385,0.29925066,-0.29284674,3.5501924,2.5463998,-3.1984267,7.36398,7.639078,4.794034,5.00955,8.624368
1751,15,15,0.23326552,1.2246068,-5.1048975,-9.960209,-7.2794194,-4.2536783,-5.6813145,-3.834632,0.68323505,-0.28640562,3.6612363,2.5100608,-3.3513892,7.2403083,7.6355553,4.7515154,5.581686,8.265407
1752,15,15,0.2551148,1.2347023,-5.1093335,-9.920795,-7.2445745,-4.1739945,-5.770017,-3.7417789,0.9029964,-0.25636753,3.7372603,2.2532034,-3.424111,6.978139,7.542909,4.571109,5.993038,8.22594
1753,15,15,0.026822895,1.2735075,-5.125092,-9.646828,-7.140097,-3.9334862,-5.847727,-3.7770658,1.1131167,-0.32956114,3.5096338,1.7016577,-3.8171885,6.4096675,8.021624,4.811888,6.8195715,8.089663
1754,15,15,0.37411332,1.0747597,-5.0979776,-9.721709,-7.2542267,-4.178837,-5.738431,-3.879815,0.5512713,-0.42380786,3.3306694,2.1359222,-3.4212098,7.059331,7.806231,5.083569,5.6932073,8.761619
1755,15,15,0.20949283,1.185696,-5.108527,-9.806323,-7.082288,-4.3309517,-5.6449413,-3.7490077,0.30510604,-0.46049818,3.402615,2.5109787,-3.1907268,7.325037,7.836717,4.915438,5.2177367,8.383179
