,vibration_ch1,vibration_ch1,vibration_ch1,vibration_ch1,vibration_ch2,vibration_ch2,vibration_ch2,vibration_ch2,vibration_ch3,vibration_ch3,vibration_ch3,vibration_ch3,vibration_ch4,vibration_ch4,vibration_ch4,vibration_ch4
,mean,std,min,max,mean,std,min,max,mean,std,min,max,mean,std,min,max
label,,,,,,,,,,,,,,,,
1,-0.017513669277635452,1.000686655562699,-3.25849403657109,3.3189500323069634,-0.012175238964374249,0.703463539544204,-2.475044833096591,2.655267705317144,0.0003513191661071788,0.7059230166641365,-2.982576718139649,2.424368601074219,0.00430974273315063,0.7240676441104749,-2.2828796710528887,2.150347787362558
11,0.016628403598524955,0.9208026870488633,-2.972079249615651,2.5949203736332054,0.01977500548035949,0.6972743347340593,-2.2282100565450174,2.4724138422612545,0.03742711803222657,0.6827429024745701,-2.122340061645508,1.92086799194336,0.01709637333622685,0.8137975155247442,-1.9177579263834144,2.18665625097754
12,-0.037035006453426014,0.9945583799531846,-3.439741832932316,3.253085448483388,-0.011260282003762844,0.7133377446330603,-2.567368693318401,2.289918750682911,0.012576621610717776,0.7385933185146871,-2.254380283203125,2.600701553344727,-0.010567440530740697,0.7958450947599984,-2.51846527985505,2.1450752711940453
13,0.02058292282656016,1.0359974705274053,-3.561014396943243,3.366185034939564,0.0007717174482012126,0.7511026948039646,-2.564020159527972,2.6101820896388768,0.009814670575561525,0.7480638116560587,-2.1871032165527344,2.609081259155274,0.006027324789999959,0.822070760489757,-2.2390219229239,2.1382449661575635
14,0.015240319513527752,1.0464831330812963,-3.7720695232100288,3.310777054752213,-0.027058066474541086,0.7286629368598191,-2.481741900677448,2.247464125839981,0.018995955101928714,0.7581727912432357,-2.4879346551513675,2.625361830444336,-0.029114354962873026,0.8093545904129523,-2.7541707185701325,2.245013418569937
